mk_individual_id,mk_status_id,mk_individual_name,mk_individual_name_eng,mk_individual_first_name,mk_individual_first_name_eng,mk_individual_email,mk_individual_photo
28,,ברק,Barak,אהוד,Ehud,,http://knesset.gov.il/mk/images/members/barak_ehud.jpg
94,,סנה,Sneh,אפרים,Ephraim,,http://knesset.gov.il/mk/images/members/sneh_efraim.jpg
98,,פורז,Poraz,אברהם,Avraham,,http://knesset.gov.il/mk/images/members/poraz_avraham.jpg
67,,כהן,Cohen,רענן,Ra`anan,,http://knesset.gov.il/mk/images/members/cohen_raanan.jpg
99,,פורת,Porat,חנן,Hanan,,http://knesset.gov.il/mk/images/members/porat_hanan.jpg
59,,טריף,Tarif,סאלח,Saleh,,http://knesset.gov.il/mk/images/members/tarif_salah.jpg
95,,סעד,Sa`d,אחמד,Ahmad,,http://knesset.gov.il/mk/images/members/saad_achmed.jpg
63,,ישי,Yishai,אליהו,Eliyahu,,http://knesset.gov.il/mk/images/members/yishai_eli.jpg
68,,כץ,Katz,יוסי,Yossi,,http://knesset.gov.il/mk/images/members/katz_yossi.jpg
84,,מירום,Meirom,חגי,Hagai,,http://knesset.gov.il/mk/images/members/marom_hagai.jpg
73,,לוי,Levy,יצחק,Yitzhak,,http://knesset.gov.il/mk/images/members/levi_yitzhak.jpg
85,,מסאלחה,Mazalha,נואף,Nawaf,,http://knesset.gov.il/mk/images/members/masalcha_nawef.jpg
54,,זנדברג,Sandberg,אליעזר,Eliezer,,http://knesset.gov.il/mk/images/members/zandberg_eliezer.jpg
60,,יהב,Yahav,יונה,Yona,,http://knesset.gov.il/mk/images/members/yahav_yonah.jpg
69,1,כץ,Katz,ישראל,Yisrael,yiskatz@knesset.gov.il,http://knesset.gov.il/mk/images/members/katz_yisrael.jpg
671,,שרף,Sherf,זאב,Zeev,,http://knesset.gov.il/mk/images/members/scherf_zeev.jpg
86,,מצא,Matza,יהושע,Joshua,,http://knesset.gov.il/mk/images/members/maza_yehoshua.jpg
75,,ליבאי,Libai,דוד,David,,http://knesset.gov.il/mk/images/members/libai_david.jpg
79,,לנקרי,Lancry,יהודה,Yehuda,,http://knesset.gov.il/mk/images/members/lancry_yehuda.jpg
90,1,נתניהו,Netanyahu,בנימין,Benjamin,bnetanyahu@knesset.gov.il,http://knesset.gov.il/mk/images/members/netanyahu_bibi.jpg
11,,אלול,Elul,רפאל,Rafi,,http://knesset.gov.il/mk/images/members/elul_refael.jpg
12,,אלון,Elon,בנימין,Benyamin,,http://knesset.gov.il/mk/images/members/elon_beni.jpg
29,,בשארה,Bishara,עזמי,Azmi,,http://knesset.gov.il/mk/images/members/bishara_azmi.jpg
55,,חאג` יחיא,Haj Yahia,רפיק,Rafik,,http://knesset.gov.il/mk/images/members/rafik_haj.jpg
61,,יהלום,Yahalom,שאול,Shaul,,http://knesset.gov.il/mk/images/members/yahalom_shaul.jpg
87,,מרדכי,Mordechay,יצחק,Itzchak,,http://knesset.gov.il/mk/images/members/mordechai_yizhak.jpg
88,,מרידור,Meridor,דן,Dan,,http://knesset.gov.il/mk/images/members/meridor_dan.jpg
64,1,כבל,Cabel,איתן,Eitan,ecabel@knesset.gov.il,http://knesset.gov.il/mk/images/members/cabel_eitan.jpg
65,1,כהן,Cohen,יצחק,Yitzhak,izchakec@knesset.gov.il,http://knesset.gov.il/mk/images/members/cohen_yitzhak.jpg
66,,כהן,Cohen,רן,Ran,,http://knesset.gov.il/mk/images/members/cohen_ran.jpg
71,,לובוצקי,Lubotzky,אלכסנדר,Alexander,,http://knesset.gov.il/mk/images/members/lubotzky_alex.jpg
72,,לוי,Levy,דוד,David,,http://knesset.gov.il/mk/images/members/levi_david.jpg
76,,לייזרזון,Leizerson,אברהם,Avraham,,http://knesset.gov.il/mk/images/members/leizerson_avraham.jpg
77,,לנדאו,Landau,עוזי,Uzi,,http://knesset.gov.il/mk/images/members/landau_uzi.jpg
78,1,לנדבר,Landver,סופה,Sofa,slandver@knesset.gov.il,http://knesset.gov.il/mk/images/members/landver_sofa.jpg
81,,מאסלה,Messele,אדיסו,Addisu,,http://knesset.gov.il/mk/images/members/messele_adiso.jpg
83,,מחאמיד,Mahameed,האשם,Hashem,,http://knesset.gov.il/mk/images/members/mahamed_hashem.jpg
89,,נודלמן,Nudelman,מיכאל,Michael,,http://knesset.gov.il/mk/images/members/nudelman_michael.jpg
91,,סולודקין,Solodkin,מרינה,Marina,,http://knesset.gov.il/mk/images/members/solodkin_marina.jpg
92,1,סלומינסקי,Slomiansky,ניסן,Nissan,nissan@knesset.gov.il,http://knesset.gov.il/mk/images/members/slomiansky_nisan.jpg
93,,סלים,Saleem,סאלח,Saleh,,http://knesset.gov.il/mk/images/members/salach_salim.jpg
96,,עזרא,Ezra,גדעון,Gideon,,http://knesset.gov.il/mk/images/members/ezra_gidon.jpg
97,,עמור,Amor,שאול,Shaul,,http://knesset.gov.il/mk/images/members/amor_shaul.jpg
100,,פינס-פז,Pines-Paz,אופיר,Ophir,,http://knesset.gov.il/mk/images/members/pinespaz_ofir.jpg
101,,פלד,Peled,משה,Moshe,,http://knesset.gov.il/mk/images/members/peled_moshe.jpg
10,,איתן,Eitan,רפאל,Rafael,,http://knesset.gov.il/mk/images/members/eitan_refael.jpg
30,,גבאי,Gabbay,אליהו,Eliahu,,http://knesset.gov.il/mk/images/members/gabai_eli.jpg
31,,גוז`נסקי,Gozansky,תמר,Tamar,,http://knesset.gov.il/mk/images/members/gozansky_tamar.jpg
32,,גולדמן,Goldman,מיכה,Micha,,http://knesset.gov.il/mk/images/members/goldman_micha.jpg
33,,גולדשמידט,Goldschmidt,אלי,Elie,,http://knesset.gov.il/mk/images/members/goldshmidt_eli.jpg
34,,גמליאל,Gamliel,אריה,Arieh,,http://knesset.gov.il/mk/images/members/gamliel_arye.jpg
35,1,גפני,Gafni,משה,Moshe,mgafni@knesset.gov.il,http://knesset.gov.il/mk/images/members/gafni_moshe.jpg
36,,דהאמשה,Dehamshe,עבד-אלמאלכ,Abdulmalik,,http://knesset.gov.il/mk/images/members/dehamshe_abed.jpg
37,,דהן,Dahan,נסים,Nissim,,http://knesset.gov.il/mk/images/members/dahan_nissim.jpg
38,,דיין,Dayan,חיים,Haim,,http://knesset.gov.il/mk/images/members/dayan_chaim.jpg
39,,דיין,Dayan,יעל,Yael,,http://knesset.gov.il/mk/images/members/dayan_yael.jpg
40,,דראושה,Darawshe,עבד-אלוהאב,Abdulwahab,,http://knesset.gov.il/mk/images/members/darawshe_abed.jpg
41,2,דרעי,Deri,אריה מכלוף,Aryeh Machluf,aderey@knesset.gov.il,http://knesset.gov.il/mk/images/members/deri_aryeh.jpg
42,,הירשזון,Hirchson,אברהם,Abraham,,http://knesset.gov.il/mk/images/members/hirshson_avraham.jpg
43,,הלפרט,Halpert,שמואל,Shmuel,,http://knesset.gov.il/mk/images/members/halpert_shmuel.jpg
44,,המר,Hammer,זבולון,Zevulon,,http://knesset.gov.il/mk/images/members/hammer_zevulun.jpg
45,1,הנגבי,Hanegbi,צחי,Tzachi,tzhanegbi@knesset.gov.il,http://knesset.gov.il/mk/images/members/hanegbi_tzahi.jpg
46,,הנדל,Hendel,צבי,Zvi,,http://knesset.gov.il/mk/images/members/hendel_zvi.jpg
47,,הראל,Harel,יהודה,Yehudah,,http://knesset.gov.il/mk/images/members/harel_yehuda.jpg
48,,ויינברג,Weinberg,צבי,Zvi,,http://knesset.gov.il/mk/images/members/weinberg_zvi.jpg
49,,וייס,Weiss,שבח,Shevach,,http://knesset.gov.il/mk/images/members/weiss_shevah.jpg
50,1,וקנין,Vaknin,יצחק,Yitzhak,yvaknin@knesset.gov.il,http://knesset.gov.il/mk/images/members/vaknin_yizhak.jpg
51,,זאבי,Ze`evi,רחבעם,Rechavam,,http://knesset.gov.il/mk/images/members/zeevi_rehavam.jpg
52,,זוילי,Zvili,נסים,Nissim,,http://knesset.gov.il/mk/images/members/zvili_nissim.jpg
53,,זיסמן,Zisman,עמנואל,Emanuel,,http://knesset.gov.il/mk/images/members/zisman_emanuel.jpg
56,,חזן,Chazan,נעמי,Naomi,,http://knesset.gov.il/mk/images/members/hazan_naomi.jpg
57,,ח`טיב,Khatib,תאופיק,Tawfik,,http://knesset.gov.il/mk/images/members/hateeb_taufik.jpg
58,,טל,Tal,דוד,David,,http://knesset.gov.il/mk/images/members/tal_david.jpg
62,,יחזקאל,Yechezkel,אברהם,Avraham,,http://knesset.gov.il/mk/images/members/yehezkel_avraham.jpg
102,,פנחסי,Pinchasi,רפאל,Raphael,,http://knesset.gov.il/mk/images/members/pinhasi_refael.jpg
103,2,פרוש,Porush,מאיר,Meir,mporush@knesset.gov.il,http://knesset.gov.il/mk/images/members/porush_meir.jpg
1,1,אדלשטיין,Edelstein,יולי יואל,Yuli-Yoel,yedelstein@knesset.gov.il,http://knesset.gov.il/mk/images/members/edelstein_yoel.jpg
2,,אדרי,Edery,רפאל,Raphael,,http://knesset.gov.il/mk/images/members/edri_refael.jpg
3,,אולמרט,Olmert,אהוד,Ehud,,http://knesset.gov.il/mk/images/members/olmert_ehud.jpg
4,,אור,Orr,אורי,Ori,,http://knesset.gov.il/mk/images/members/or_uri.jpg
5,,אורון,Oron,חיים,Chaim,,http://knesset.gov.il/mk/images/members/oron_chaim.jpg
6,,אושעיה,Oshaya,אפי,Efi,,http://knesset.gov.il/mk/images/members/oshaya_efi.jpg
7,1,אזולאי,Azoulay,דוד,David,dazulay@knesset.gov.il,http://knesset.gov.il/mk/images/members/azoulay_david.jpg
8,,איציק,Itzik,דליה,Dalia,,http://knesset.gov.il/mk/images/members/itzik_dalia.jpg
9,,איתן,Eitan,מיכאל,Michael,,http://knesset.gov.il/mk/images/members/eitan_michael.jpg
13,,אלסאנע,El-Sana,טלב,Talab,,http://knesset.gov.il/mk/images/members/elsana_taleb.jpg
14,1,בגין,Begin,זאב בנימין ,Ze`ev Binyamin,bbeni@knesset.gov.il,http://knesset.gov.il/mk/images/members/begin_beni.jpg
15,,בדש,Badash,פיני,Pini,,http://knesset.gov.il/mk/images/members/badash_pini.jpg
16,,בוים,Boim,זאב,Ze`ev,,http://knesset.gov.il/mk/images/members/boim_zev.jpg
17,,ביבי,Bibi,יגאל,Yigal,,http://knesset.gov.il/mk/images/members/bibi_yigal.jpg
18,,ביילין,Beilin,יוסי,Yossi,,http://knesset.gov.il/mk/images/members/beilin_yosef.jpg
19,,בלומנטל,Blumenthal,נעמי,Naomi,,http://knesset.gov.il/mk/images/members/blumental_naomi.jpg
20,,בן-אליעזר,Ben-Eliezer,בנימין (פואד),Binyamin (Fouad),,http://knesset.gov.il/mk/images/members/beneliezer_binyamin.jpg
21,,בן-אלישר,Ben Elissar,אליהו,Eliahu,,http://knesset.gov.il/mk/images/members/benelisar_eli.jpg
22,,בן-מנחם,Ben-Menachem,אלי,Eli,,http://knesset.gov.il/mk/images/members/benmenachem_eli.jpg
23,,בן-עמי,Ben-Ami,שלמה,Shlomo,,http://knesset.gov.il/mk/images/members/benami_shlomo.jpg
24,,בן-צור,Ben-Zur,שמריהו,Shmaryahu,,http://knesset.gov.il/mk/images/members/benzur_shmaryahu.jpg
25,,בניזרי,Benizri,שלמה,Shlomo,,http://knesset.gov.il/mk/images/members/benizri_shlomo.jpg
26,,ברונפמן,Bronfman,רומן,Roman,,http://knesset.gov.il/mk/images/members/bronfman_roman.jpg
27,,ברעם,Baram,עוזי,Uzi,,http://knesset.gov.il/mk/images/members/baram_uzi.jpg
70,,לבנת,Livnat,לימור,Limor,,http://knesset.gov.il/mk/images/members/livnat_limor.jpg
80,,מאור,Maor,ענת,Anat,,http://knesset.gov.il/mk/images/members/maor_anat.jpg
82,,מגן (מונסוניגו),Magen (Monsonego),דוד,David,,http://knesset.gov.il/mk/images/members/magen_david.jpg
104,,פרס,Peres,שמעון,Shimon,,http://knesset.gov.il/mk/images/members/peres_shimon.jpg
105,1,פרץ,Peretz,עמיר,Amir,aperetz@knesset.gov.il,http://knesset.gov.il/mk/images/members/peretz_amir.jpg
106,,חאג` יחיא (צאדק),Sadik,ווליד,Walid,,http://knesset.gov.il/mk/images/members/walid_haj.jpg
107,,צוקר,Zucker,דוד,David,,http://knesset.gov.il/mk/images/members/zuker_david.jpg
108,,קהלני,Kahalani,אביגדור,Avigdor,,http://knesset.gov.il/mk/images/members/kahalani_avigdor.jpg
109,,קליינר,Kleiner,מיכאל,Michael,,http://knesset.gov.il/mk/images/members/kleiner_michael.jpg
110,,קצב,Katsav,משה,Moshe,,http://knesset.gov.il/mk/images/members/katzav_moshe.jpg
111,,ראם,Re`em,דוד,David,,http://knesset.gov.il/mk/images/members/reem_david.jpg
112,,רביץ,Ravitz,אברהם,Avraham,,http://knesset.gov.il/mk/images/members/ravitz_avraham.jpg
113,,רובינשטיין,Rubinstein,אמנון,Amnon,,http://knesset.gov.il/mk/images/members/rubinstein_amnon.jpg
114,,ריבלין,Rivlin,ראובן,Reuven,,http://knesset.gov.il/mk/images/members/rivlin_rubi.jpg
115,,רמון,Ramon,חיים,Haim,,http://knesset.gov.il/mk/images/members/ramon_haim.jpg
116,,שאקי,Shaki,אבנר חי,Avner-Hai,,http://knesset.gov.il/mk/images/members/shaki_avner.jpg
117,,שוחט,Shochat,אברהם בייגה,Avraham,,http://knesset.gov.il/mk/images/members/shohat_avraham.jpg
118,,שחל,Shahal,משה,Moshe,,http://knesset.gov.il/mk/images/members/shahal_moshe.jpg
119,,שטרית,Sheetrit,מאיר,Meir,,http://knesset.gov.il/mk/images/members/shitrit_meir.jpg
120,,שטרן,Stern,אברהם,Avraham,,http://knesset.gov.il/mk/images/members/stern_avraham.jpg
121,,שטרן,Shtern,יורי,Yuri,,http://knesset.gov.il/mk/images/members/stern_yuri.jpg
122,,שלום,Shalom,סילבן,Silvan,,http://knesset.gov.il/mk/images/members/shalom_silvan.jpg
123,,שמחון,Simhon,שלום,Shalom,,http://knesset.gov.il/mk/images/members/simhon_shalom.jpg
124,,שמואלי,Shmueli,דורון,Doron,,http://knesset.gov.il/mk/images/members/shmueli_doron.jpg
125,,שרון,Sharon,אריאל,Ariel,,http://knesset.gov.il/mk/images/members/sharon_ariel.jpg
126,,שריד,Sarid,יוסי,Yossi,,http://knesset.gov.il/mk/images/members/sarid_yossi.jpg
127,,שרנסקי,Sharansky,נתן,Natan,,http://knesset.gov.il/mk/images/members/sharansky_natan.jpg
128,,תיכון,Tichon,דן,Dan,,http://knesset.gov.il/mk/images/members/tichon_dan.jpg
129,,א-ד`אהר,A-Dahar,אחמד,Ahmed,,http://knesset.gov.il/mk/images/members/adahar_ahmed.jpg
130,,אביטל,Avital,שמואל,Samuel,,http://knesset.gov.il/mk/images/members/avital_shmuel.jpg
131,,אחימאיר,Ahimeir,יוסף (יוסי),Yosef,,http://knesset.gov.il/mk/images/members/acimeir_yosef.jpg
132,,אלוני,Aloni,שולמית,Shulamit,,http://knesset.gov.il/mk/images/members/aloni_shulamit.jpg
133,,אסעד,Asaad,אסעד,Asaad,,http://knesset.gov.il/mk/images/members/asad_asad.jpg
134,,ארד,Arad,נאוה,Nava,,http://knesset.gov.il/mk/images/members/arad_nava.jpg
135,,בא-גד,Bagad,יוסף,Joseph,,http://knesset.gov.il/mk/images/members/bagad_yosef.jpg
136,,בוחבוט,Bohbot,שלמה,Shlomo,,http://knesset.gov.il/mk/images/members/bochvot_shlomo.jpg
137,,בורג,Burg,אברהם,Avraham,,http://knesset.gov.il/mk/images/members/burg_avraham.jpg
138,,גוטמן,Gutman,שאול,Shaul,,http://knesset.gov.il/mk/images/members/gutman_shaul.jpg
139,,גולדפרב,Goldfarb,אלכס,Alex,,http://knesset.gov.il/mk/images/members/goldfarb_alex.jpg
140,,גור (גורבן),Gur,מרדכי (מוטה),Mordechai,,http://knesset.gov.il/mk/images/members/gur_mordechai.jpg
141,,גור,Gur,אפרים,Efraim,,http://knesset.gov.il/mk/images/members/gur_efraim.jpg
142,,גל,Gal,גדליה,Gedalya,,http://knesset.gov.il/mk/images/members/gal_gedalia.jpg
143,,דיין,Dayan,אלי,Eli,,http://knesset.gov.il/mk/images/members/dayan_eli.jpg
144,,וינשטיין,Weinstein,אריאל,Ariel,,http://knesset.gov.il/mk/images/members/weinstein_ariel.jpg
145,,ונונו,Vanunu,יוסף,Yosef,,http://knesset.gov.il/mk/images/members/vanunu_yosef.jpg
146,,ורדיגר,Verdiger,אברהם,Avraham,,http://knesset.gov.il/mk/images/members/verdiger_avraham.jpg
147,,זיאד,Zayyad,תאופיק,Tawfik,,http://knesset.gov.il/mk/images/members/ziyad_taufik.jpg
148,,חדד,Hadad,חנא,Haneh,,http://knesset.gov.il/mk/images/members/hadad_hana.jpg
149,,חריש,Harish,מיכאל,Michael,,http://knesset.gov.il/mk/images/members/harish_michael.jpg
150,,טמקין,Temkin,בנימין,Benjamin,,http://knesset.gov.il/mk/images/members/tamkin_binyamin.jpg
152,,לובלסקי,Lubelsky,מאשה,Masha,,http://knesset.gov.il/mk/images/members/lubolski_masha.jpg
153,,לס,Lass,יורם,Yoram,,http://knesset.gov.il/mk/images/members/lass_yoram.jpg
154,,מאיה,Maya,משה,Moshe,,http://knesset.gov.il/mk/images/members/maya_moshe.jpg
155,,מילוא,Milo,רוני,Roni,,http://knesset.gov.il/mk/images/members/milo_roni.jpg
156,,מנע,Mena,דוד,David,,http://knesset.gov.il/mk/images/members/mana_david.jpg
157,,נחמן,Nachman,רון,Ron,,http://knesset.gov.il/mk/images/members/nachman_ron.jpg
158,,נמיר,Namir,אורה,Ora,,http://knesset.gov.il/mk/images/members/namir_ora.jpg
159,,נסים,Nissim,משה,Moshe,,http://knesset.gov.il/mk/images/members/nisim_moshe.jpg
160,,סלמוביץ,Salmovitz,אסתר,Esther,,http://knesset.gov.il/mk/images/members/salmanovitch_esther.jpg
161,,עלי,Eli,עובדיה,Ovadia,,http://knesset.gov.il/mk/images/members/eli_ovadia.jpg
162,,עזרן,Azran,יוסף,Joseph,,http://knesset.gov.il/mk/images/members/azran_yosef.jpg
163,,פרץ ,Peretz,יצחק חיים,Yitzhak Haim,,http://knesset.gov.il/mk/images/members/peretz_yizhak.jpg
164,,פת,Patt,גדעון,Gideon,,http://knesset.gov.il/mk/images/members/pat_gidon.jpg
165,,צבן,Tsaban,יאיר,Yair,,http://knesset.gov.il/mk/images/members/zaban_yair.jpg
166,,קופמן,Kaufman,חיים,Haim,,http://knesset.gov.il/mk/images/members/kaufman_haim.jpg
167,,קיסר,Kessar,ישראל,Israel,,http://knesset.gov.il/mk/images/members/keisar_yisrael.jpg
168,,רבין,Rabin,יצחק,Yitzhak,,http://knesset.gov.il/mk/images/members/rabin_yizhak.jpg
169,,רצון,Ratzon,מיכאל,Michael,,http://knesset.gov.il/mk/images/members/ratzon_michael.jpg
170,,שגב,Segev,גונן,Gonen,,http://knesset.gov.il/mk/images/members/segev_gonen.jpg
171,,שגיא,Sagee,גדעון,Gideon,,http://knesset.gov.il/mk/images/members/sagi_gidon.jpg
172,,שטרית,Shetreet,שמעון,Shimon,,http://knesset.gov.il/mk/images/members/shitrit_shimon.jpg
173,,שילנסקי,Shilansky,דב,Dov,,http://knesset.gov.il/mk/images/members/shilanski_dov.jpg
174,,שמאי,Shamay,יעקב,Yaakov,,http://knesset.gov.il/mk/images/members/shamai_yaakov.jpg
74,,לוי,Levy,מקסים,Maxim,,http://knesset.gov.il/mk/images/members/levi_maxim.jpg
175,,שמיר,Shamir,יצחק,Yitzhak,,http://knesset.gov.il/mk/images/members/shamir_yitzhak.jpg
176,,שפי,Shefi,יעקב,Jacob,,http://knesset.gov.il/mk/images/members/shefi_yaakov.jpg
177,,שפירא,Schapira,אברהם יוסף,Avraham Yosef,,http://knesset.gov.il/mk/images/members/shapira_avraham.jpg
178,,אבוחצירא,Abuhatssira,אהרן,Aharon,,http://knesset.gov.il/mk/images/members/abuchazera_aharon.jpg
179,,א-נאשף,A-Nashaf,מחמוד,Mahmud,,http://knesset.gov.il/mk/images/members/anaoaf_mahmod.jpg
180,,אבו-רביעה,Abu-Rabiah,חמאד,Hamad,,http://knesset.gov.il/mk/images/members/aburabia_chamad.jpg
181,,ידלין,Yadlin,אהרן,Aharon,,http://knesset.gov.il/mk/images/members/yadlin_aharon.jpg
182,,יגורי,Yaguri,אסף,Assaf,,http://knesset.gov.il/mk/images/members/yaguri_asaf.jpg
183,,ידיד,Yedid,מנחם,Menahem,,http://knesset.gov.il/mk/images/members/yedid_menachem.jpg
184,,ידין (סוקניק),Yadin,יגאל,Yigael,,http://knesset.gov.il/mk/images/members/yadin_yigael.jpg
185,,יהודה,Yehuda,חיים,Haim,,http://knesset.gov.il/mk/images/members/yehuda_haim.jpg
186,,יהודה (זלצמן),Yehuda,צבי,Zvi,,http://knesset.gov.il/mk/images/members/yehuda_zvi.jpg
187,,יוניצ`מן,Unichman,שמשון,Shimshon,,http://knesset.gov.il/mk/images/members/yunitchman_shimshon.jpg
188,,יוסף (ג`וזף),Yosef,דב (ברנארד),Dov (Bernard),,http://knesset.gov.il/mk/images/members/yosef_dov.jpg
189,,יוסף,Yosef,יעקב,Yaakov,,http://knesset.gov.il/mk/images/members/yaakov_yosef.jpg
190,,יוספטל,Yoseftal,גיורא,Giora,,http://knesset.gov.il/mk/images/members/yoseftal_giora.jpg
191,,יוספטל (פונדוב),Yoseftal,סנטה,Senetta,,http://knesset.gov.il/mk/images/members/yoseftal_senta.jpg
192,,ילין-מור (פרידמן),Yellin-Mor,נתן,Natan,,http://knesset.gov.il/mk/images/members/yalin-mor_natan.jpg
194,,אורלב,Orlev,זבולון,Zevulun,,http://knesset.gov.il/mk/images/members/orlev_zevulun.jpg
196,,בריילובסקי,Brailovsky,ויקטור,Victor,,http://knesset.gov.il/mk/images/members/brilosky_viktor.jpg
197,,ברכה,Barakeh,מוחמד,Mohammad,,http://knesset.gov.il/mk/images/members/baraka_mohamed.jpg
198,,גאגולה,Gagula,יצחק,Itzhak,,http://knesset.gov.il/mk/images/members/gagula_yizhak.jpg
200,1,גילאון,Gilon,אילן,Ilan,igilon@knesset.gov.il,http://knesset.gov.il/mk/images/members/gilon_ilan.jpg
201,,גלאון,Galon,זהבה,Zehava,,http://knesset.gov.il/mk/images/members/galon_zahava.jpg
202,,דרוקמן,Druckman,חיים,Haim Meir,,http://knesset.gov.il/mk/images/members/drukman_haim.jpg
203,,וילן,Vilan,אבשלום (אבו),Avshalom,,http://knesset.gov.il/mk/images/members/vilan_av.jpg
204,,וילנאי,Vilnai,מתן,Matan,,http://knesset.gov.il/mk/images/members/vilnai_matan.jpg
205,,שירי,Shiry,ויצמן,Wizman,,http://knesset.gov.il/mk/images/members/shiri_weizman.jpg
206,,זאב,Zeev,נסים,Nissim,,http://knesset.gov.il/mk/images/members/zeev_nissim.jpg
207,,חוגי,Hugi,עופר,Ofer,,http://knesset.gov.il/mk/images/members/hugi_offer.jpg
208,1,טיבי,Tibi,אחמד,Ahmad,atibi@knesset.gov.il,http://knesset.gov.il/mk/images/members/tibi_ahmed.jpg
209,,כהן,Cohen,אליעזר,Eliezer,,http://knesset.gov.il/mk/images/members/cohen_eliezer.jpg
210,,כהן,Cohen,אמנון,Amnon,,http://knesset.gov.il/mk/images/members/cohen_amnon.jpg
211,,כנעאן,Kanan,מוחמד,Muhamad,,http://knesset.gov.il/mk/images/members/cnaan_mohamed.jpg
212,1,כץ,Katz,חיים,Haim,hkatz@knesset.gov.il,http://knesset.gov.il/mk/images/members/katz_haim.jpg
213,1,לבני,Livni,ציפי,Tzipi,zlivni@knesset.gov.il,http://knesset.gov.il/mk/images/members/livnee_zipi.jpg
214,2,ליברמן,Liberman,אביגדור,Avigdor,aliberman@knesset.gov.il,http://knesset.gov.il/mk/images/members/liberman_avigdor.jpg
215,,ליפקין-שחק,Lipkin-Shahak,אמנון,Amnon,,http://knesset.gov.il/mk/images/members/lipkinshahak_amnon.jpg
216,1,ליצמן,Litzman,יעקב,Yakov,ylitzman@knesset.gov.il,http://knesset.gov.il/mk/images/members/lizman_yaakov.jpg
219,,מלול,Melloul,רחמים,Rahamim,,http://knesset.gov.il/mk/images/members/malool_rahamim.jpg
220,,מלכיאור,Melchior,מיכאל,Michael,,http://knesset.gov.il/mk/images/members/melchior_mi.jpg
221,,נאות,Naot,יהודית,Yehudith,,http://knesset.gov.il/mk/images/members/naot_yehudit.jpg
222,1,נהרי,Nahari,משולם,Meshulam,mnahari@knesset.gov.il,http://knesset.gov.il/mk/images/members/nahari_meshulam.jpg
223,,נוה,Naveh,דני,Dan,,http://knesset.gov.il/mk/images/members/nave_dani.jpg
224,,סביר,Savir,אוריאל,Uri,,http://knesset.gov.il/mk/images/members/savir_uri.jpg
225,,סבן,Shaban,יצחק,Yitzhak,,http://knesset.gov.il/mk/images/members/saban_yizhak.jpg
226,,סויסה,Suissa,אליהו,Eliyahu,,http://knesset.gov.il/mk/images/members/suissa_eli.jpg
227,,פריצקי,Paritzky,יוסף יצחק,Joseph,,http://knesset.gov.il/mk/images/members/pritzki_yosef.jpg
228,,פרץ,Peretz,יאיר,Yair,,http://knesset.gov.il/mk/images/members/perez_yair.jpg
229,,צינקר,Tsinker,אלכסנדר,Alexander,,http://knesset.gov.il/mk/images/members/zinker_alexander.jpg
230,1,קרא,Kara,איוב,Ayoob,kayoob@knesset.gov.il,http://knesset.gov.il/mk/images/members/kara_ayoob.jpg
231,,רבין-פילוסוף,Rabin-Pelossof,דליה,Dalia,,http://knesset.gov.il/mk/images/members/rabinpilosof_dalia.jpg
233,,אבו-רוכן,Abu-Rochan,לביב חוסיין,Laviv-Hussein,,http://knesset.gov.il/mk/images/members/aburokun_labib.jpg
234,,אבטבי,Avtabi,אליעזר,Eliezer,,http://knesset.gov.il/mk/images/members/avtavi_eliezer.jpg
235,,אביזוהר,Avizohar,מאיר,Meir,,http://knesset.gov.il/mk/images/members/avizohar_meir.jpg
236,,אבן (איבן),Eban,אבא (אוברי),Abba,,http://knesset.gov.il/mk/images/members/eban_aba.jpg
237,,אבניאל (גטשטיין),Avniel,בנימין,Binyamin,,http://knesset.gov.il/mk/images/members/avniel_binyamin.jpg
238,,אבנרי (אוסטרמן),Avnery,אורי,Uri,,http://knesset.gov.il/mk/images/members/avneri_uri.jpg
193,,יעקבי,Yaacobi,גד,Gad,,http://knesset.gov.il/mk/images/members/yacobi_gad.jpg
199,,ג`בארה,Jabara,חוסניה,Hussniya,,http://knesset.gov.il/mk/images/members/husania_jabara.jpg
218,,מח`ול,Makhoul,עסאם,Issam,,http://knesset.gov.il/mk/images/members/mahol_assam.jpg
239,,אבריאל (איבראל),Avriel,אהוד,Ehud,,http://knesset.gov.il/mk/images/members/avriel_ehud.jpg
240,,אברמוב,Abramov,שניאור זלמן,Zalman,,http://knesset.gov.il/mk/images/members/avramov_shneor.jpg
241,,אברמוביץ,Abramovicz,יהודה מאיר,Yehuda Meir,,http://knesset.gov.il/mk/images/members/avramovitz_yehuda.jpg
242,,אוזן,Uzan,אהרן,Aharon,,http://knesset.gov.il/mk/images/members/uzan_aharon.jpg
243,,אולמרט,Olmert,מרדכי,Mordechai,,http://knesset.gov.il/mk/images/members/olmert_mordechai.jpg
245,,אונא,Unna,משה,Moshe,,http://knesset.gov.il/mk/images/members/una_moshe.jpg
246,,אורי (זסלבסקי),Uri,יעקב,Yaakov,,http://knesset.gov.il/mk/images/members/uri_yaakov.jpg
247,,אזניה (אייזנשטדט),Osnia,ברוך,Baruch,,http://knesset.gov.il/mk/images/members/aznia_baruch.jpg
248,,אידלסון (טרכטנברג),Idelson,בבה,Beba,,http://knesset.gov.il/mk/images/members/eidelson_baba.jpg
249,,איכילוב,Ichilov,עזרא,Ezra,,http://knesset.gov.il/mk/images/members/ichilov_ezra.jpg
250,,אילנית (הינדס),Ilanit,פייגה,Fayge,,http://knesset.gov.il/mk/images/members/ilanit_fayge.jpg
251,,א-זועבי,E-Zoubi,סיף א-דין,Seif E-Din,,http://knesset.gov.il/mk/images/members/elzoabisif_aladin.jpg
252,,אלגרבלי,Elgrably,מרדכי,Mordechai,,http://knesset.gov.il/mk/images/members/elgrabli_mordechai.jpg
253,,אלדרוטי,Alderoti,צבי,Zvi,,http://knesset.gov.il/mk/images/members/aldroti_zvi.jpg
254,,אלטמן,Altman,אריה,Arie,,http://knesset.gov.il/mk/images/members/altman-aryeh.jpg
255,,אליאב (ליפשיץ),Eliav,אריה לובה,Arie Lova,,http://knesset.gov.il/mk/images/members/eliav_arye.jpg
256,,אליהו (אליה),Eliahu,שלמה,Shlomo,,http://knesset.gov.il/mk/images/members/eliyahu_shlomo.jpg
257,,אליעד (אמסלם),Eliad,נסים,Nissim,,http://knesset.gov.il/mk/images/members/eliad_nisim.jpg
258,,אלישר,Eliashar,אליהו,Eliahu,,http://knesset.gov.il/mk/images/members/elisar_eliyahu.jpg
259,,אלמוגי (קרלנבויים),Almogi,יוסף-אהרן,Joseph Aharon,,http://knesset.gov.il/mk/images/members/almogi_yosef.jpg
260,,אלמליח,Elmalich,אברהם,Avraham,,http://knesset.gov.il/mk/images/members/almalich_avraham.jpg
261,,אמוראי,Amorai,עדיאל,Adiel,,http://knesset.gov.il/mk/images/members/amurai_adi.jpg
262,,אמיר (אמזלג),Amir,יעקב ז`אק,Jacques,,http://knesset.gov.il/mk/images/members/amir_yaacov_zak.jpg
263,,אנקוריון (וולוביצקי),Ankorion,ארי,Ari,,http://knesset.gov.il/mk/images/members/ankorin_ari.jpg
264,,אסא (אסאילוב),Assa,ירחמיאל,Yerachmiel,,http://knesset.gov.il/mk/images/members/asa_yarachmiel.jpg
265,,אסעד,Asaad,שפיק,Shafik,,http://knesset.gov.il/mk/images/members/asad_shafik.jpg
266,,אסף (וילקומיץ`),Assaf,עמי,Ami,,http://knesset.gov.il/mk/images/members/assaf_ami.jpg
267,,אפרת (פיקס),Efrat,אהרון,Aharon,,http://knesset.gov.il/mk/images/members/efrat_aharon.jpg
268,,אפרתי (גריבר),Efrati,יוסף,Yosef,,http://knesset.gov.il/mk/images/members/efrati_yosef.jpg
269,,ארבלי-אלמוזלינו,Arbeli-Almozlino,שושנה,Shoshana,,http://knesset.gov.il/mk/images/members/arbeli_shoshana.jpg
270,,ארגוב (גרבובסקי),Argov,מאיר,Meir,,http://knesset.gov.il/mk/images/members/argov_meir.jpg
271,,ארדיטי,Arditi,בנימין,Binyamin,,http://knesset.gov.il/mk/images/members/arditi_binyamin.jpg
272,,ארזי (צדרבוים),Arazi,ראובן,Reuven,,http://knesset.gov.il/mk/images/members/arazi_reuven.jpg
273,,אריאב (קרופסקי),Ariav,חיים,Chaim,,http://knesset.gov.il/mk/images/members/ariav_chaim.jpg
274,,ארידור (ליברמן),Aridor,יורם,Yoram,,http://knesset.gov.il/mk/images/members/aridor_yoram.jpg
276,,ארם (קזנובסקי),Aram,משה,Moshe,,http://knesset.gov.il/mk/images/members/erem_moshe.jpg
277,,ארן (אהרונוביץ`),Aran,זלמן,Zalman,,http://knesset.gov.il/mk/images/members/aran_zalman.jpg
279,,ארצי (הרציג),Artzi,יצחק,Yitzhak,,http://knesset.gov.il/mk/images/members/artzi_yitzhak.jpg
280,,אשל (שוהם),Eshel,תמר,Tamar,,http://knesset.gov.il/mk/images/members/eshel_tamar.jpg
281,,בארי (טיפנברון),Be`eri,ידידיה,Yedidia,,http://knesset.gov.il/mk/images/members/beeri_yedidya.jpg
282,,בבה,Babah,שמחה,Simcha,,http://knesset.gov.il/mk/images/members/baba_simcha.jpg
283,,בדיאן,Badian,אליקים-גוסטב,Elyakim (Gustav),,http://knesset.gov.il/mk/images/members/badian_elyakim.jpg
284,,בדר,Bader,יוחנן,Yohanan,,http://knesset.gov.il/mk/images/members/bader_yochanan.jpg
286,,בהיר (גלר),Bahir,אריה,Aryeh,,http://knesset.gov.il/mk/images/members/baheer_arye.jpg
287,,בוגר (בוגרשוב),Boger,חיים,Chaim,,http://knesset.gov.il/mk/images/members/boger_chaim.jpg
288,,בורג,Burg,יוסף,Yosef,,http://knesset.gov.il/mk/images/members/burg_yosef.jpg
289,,בז`רנו,Bejarno,שמעון,Shimon,,http://knesset.gov.il/mk/images/members/bezerano_shimon.jpg
290,,ביבי,Bibi,מרדכי,Mordechai,,http://knesset.gov.il/mk/images/members/bibi_mordechai.jpg
291,,ביטון,Bitton,אברהם,Avraham,,http://knesset.gov.il/mk/images/members/biton_avraham.jpg
293,,בלומנטל,Blumenthal,נפתלי,Naftali,,http://knesset.gov.il/mk/images/members/blumental_naftali.jpg
294,,בן-אהרן (נוסבוים),Ben-Aharon,יצחק,Yitzhak,,http://knesset.gov.il/mk/images/members/benaharon_yizhak.jpg
295,,בן-אליעזר (זברובסקי),Ben-Eliezer,אריה,Aryeh,,http://knesset.gov.il/mk/images/members/beneliezer_arye.jpg
296,,בן-אשר (פינקל),Ben-Asher,חיים,Chaim,,http://knesset.gov.il/mk/images/members/benasher_chaim.jpg
217,,לפיד,Lapid,יוסף (טומי),Tommy,,http://knesset.gov.il/mk/images/members/lapid_yo.jpg
232,,ריגר,Riger,גנדי,Gennady,,http://knesset.gov.il/mk/images/members/riger_ganadi.jpg
275,,ארליך,Erlich,שמחה,Simha,,http://knesset.gov.il/mk/images/members/erlich_simcha.jpg
278,,ארנס,Arens,משה,Moshe,,http://knesset.gov.il/mk/images/members/arens_moshe.jpg
285,,בדר,Bader,מנחם,Menachem,,http://knesset.gov.il/mk/images/members/bader_menachem.jpg
292,,ביטון,Bitton,צ`רלי-שלום,Charlie,,http://knesset.gov.il/mk/images/members/biton_charles.jpg
297,,בן-יעקב (ינקלביץ`),Ben-Yaakov,זלמן,Zalman,,http://knesset.gov.il/mk/images/members/benyaakov_zalman.jpg
298,,בן-ישראל (פריזר),Ben-Israel,גדעון,Gideon,,http://knesset.gov.il/mk/images/members/benyisrael_gidon.jpg
299,,בן-מאיר (צוקר),Ben-Meir,דב,Dov,,http://knesset.gov.il/mk/images/members/benmeir_dov.jpg
300,,בן-מאיר (רוזנברג),Ben-Meir,יהודה,Yehuda,,http://knesset.gov.il/mk/images/members/benmeir_yehuda.jpg
301,,בן-מאיר (רוזנברג),Ben-Meir,שלמה ישראל,Shlomo-Israel,,http://knesset.gov.il/mk/images/members/benmeir_shlomo.jpg
302,,בן-עמי,Ben-Ami,משה,Moshe,,http://knesset.gov.il/mk/images/members/benami_moshe.jpg
303,,בן-פורת (קזז),Ben-Porat,מרדכי,Mordechai,,http://knesset.gov.il/mk/images/members/benporat_mordechai.jpg
304,,בן-שלמה,Ben-Shlomo,שמעון,Shimon,,http://knesset.gov.il/mk/images/members/benshlomo_shimon.jpg
305,,בנטוב (גוטגלד),Bentov,מרדכי,Mordechai,,http://knesset.gov.il/mk/images/members/bentov_mordechai.jpg
306,,בסתוני,Bastuni,רוסתם,Rostam,,http://knesset.gov.il/mk/images/members/bastuni_rostam.jpg
307,,בקר,Becker,אהרן,Aharon,,http://knesset.gov.il/mk/images/members/boker_aharon.jpg
308,,בר-און,Bar-On,מרדכי,Mordechai,,http://knesset.gov.il/mk/images/members/baron_mordechai.jpg
309,,בר-זוהר (יולוזרי),Bar-Zohar,מיכאל,Michael,,http://knesset.gov.il/mk/images/members/barzohar_michael.jpg
310,,בר-יהודה (אידלסון),Bar-Yehuda,ישראל,Israel,,http://knesset.gov.il/mk/images/members/baryehuda_ysrael.jpg
311,,בר-לב (ברוצלבסקי),Bar-Lev,חיים,Haim,,http://knesset.gov.il/mk/images/members/barlev_haim.jpg
312,,בר-ניר (זילברשץ),Bar-Nir,דב (ברנארד),Dov,,http://knesset.gov.il/mk/images/members/no_mkphoto.jpg
313,,בר-רב-האי (בורובוי),Bar-Rav-Hai,דוד,David,,http://knesset.gov.il/mk/images/members/Bar-Rav-Hai.jpg
314,,ברגר,Berger,הרצל,Herzl,,http://knesset.gov.il/mk/images/members/berger_herzl.jpg
315,,ברזילי (אייזנברג),Barzilai,ישראל,Israel,,http://knesset.gov.il/mk/images/members/barzilai_israel.jpg
316,,ברמן,Berman,אברהם (אדולף),Avraham,,http://knesset.gov.il/mk/images/members/berman_avraham.jpg
317,,ברמן,Berman,יצחק,Yitzhak,,http://knesset.gov.il/mk/images/members/berman_yizhak.jpg
318,,ברנשטיין,Bernstein,פרץ (פריץ),Peretz,,http://knesset.gov.il/mk/images/members/bernstein_peretz.jpg
319,,ברעם,Baram,משה,Moshe,,http://knesset.gov.il/mk/images/members/baram_moshe.jpg
320,,ברץ,Baratz,יוסף,Yosef,,http://knesset.gov.il/mk/images/members/baratz_yosef.jpg
321,,ברקת (בורשטיין),Barkat,ראובן,Reuven,,http://knesset.gov.il/mk/images/members/bareket_reuven.jpg
322,,בש,Bash,רפאל,Refael,,http://knesset.gov.il/mk/images/members/bash_refael.jpg
323,,ג`בארה,Jabara,חליל-סלים,Halil-Salim,,http://knesset.gov.il/mk/images/members/gabra_halil_salim.jpg
324,,גבתי (סוישץ`),Gvati,חיים,Haim,,http://knesset.gov.il/mk/images/members/gavti_haim.jpg
325,,גדות (פורמן),Gadot,גדעון,Gideon,,http://knesset.gov.il/mk/images/members/gadot_gidon.jpg
326,,גוברין (גלובמן-חיות),Govrin,עקיבא,Akiva,,http://knesset.gov.il/mk/images/members/govrin_akiva.jpg
327,,גולדברג,Goldberg,יוסף,Yosef,,http://knesset.gov.il/mk/images/members/goldberg_yossi.jpg
328,,גולדראט,Goldrat,אברהם יהודה,Avraham-Yehuda,,http://knesset.gov.il/mk/images/members/goldrat_avraham.jpg
329,,גולדשטיין,Goldstein,אהרן,Aharon,,http://knesset.gov.il/mk/images/members/goldstein_aharon.jpg
330,,גולדשטיין,Goldstein,פנחס,Pinhas,,http://knesset.gov.il/mk/images/members/goldstein_pinchas.jpg
331,,גולדשמידט,Goldschmidt,יוסף,Yosef,,http://knesset.gov.il/mk/images/members/goldshmidt_yosef.jpg
332,,גולומב,Golomb,דוד,David,,http://knesset.gov.il/mk/images/members/golomb_david.jpg
333,,גולן (גולדשטיין),Golan,יצחק,Itzhak,,http://knesset.gov.il/mk/images/members/golan_yitzhak.jpg
334,,גורי (גורפינקל),Guri,ישראל,Israel,,http://knesset.gov.il/mk/images/members/Israel-Guri.jpg
335,,גורן (גורוחובסקי),Goren,שרגא,Shraga,,http://knesset.gov.il/mk/images/members/goren_shraga.jpg
336,,גז,Guez,מטילדה,Mathilda,,http://knesset.gov.il/mk/images/members/gez_matilda.jpg
337,,גיבלבר,Givelber,אברהם,Avraham,,http://knesset.gov.il/mk/images/members/gibelber_avraham.jpg
338,,גיל (גילה),Gil,יעקב,Yaakov,,http://knesset.gov.il/mk/images/members/gil_yakov.jpg
339,,גיל (ליפשיץ),Gil (Lifschitz),יעקב,Yaacov,,http://knesset.gov.il/mk/images/members/gil_yaakov.jpg
340,,גלוסקא,Glosca,זכריה,Zecharia,,http://knesset.gov.il/mk/images/members/gloska_zecharya.jpg
341,,גלזר-תעסה,Glazer-Taasa,מרים,Miriam,,http://knesset.gov.il/mk/images/members/glazer_miriam.jpg
342,,גלילי (ברצ`נקו),Galili,ישראל,Israel,,http://knesset.gov.il/mk/images/members/galili_yisrael.jpg
343,,גלס,Glass,דוד,David,,http://knesset.gov.il/mk/images/members/glass_david.jpg
344,,גנחובסקי,Ganchovsky,אליהו משה,Eliyahu-Moshe,,http://knesset.gov.il/mk/images/members/genhovsky_eliyahu.jpg
345,,ג`רג`ורה,Jarjora,אמין-סלים,Amin-Salim,,http://knesset.gov.il/mk/images/members/jarjura_amin.jpg
346,,גרוס,Gross,שלמה יעקב,Shlomo-Jacob,,http://knesset.gov.il/mk/images/members/gross_shlomo.jpg
347,,גרוסמן-אורקין,Grossman-Orkin,חייקה,Haika,,http://knesset.gov.il/mk/images/members/grossman_chaika.jpg
348,,גרופר,Grupper,פסח,Pesach,,http://knesset.gov.il/mk/images/members/gruper_pesach.jpg
349,,גרידי,Garidi,שמעון,Shimon,,http://knesset.gov.il/mk/images/members/garidi_shimon.jpg
350,,גרינברג,Greenberg,אהרן יעקב,Aharon-Yaakov,,http://knesset.gov.il/mk/images/members/greenberg_yaakov.jpg
351,,גרינברג,Greenberg,אורי צבי,Uri-Zvi,,http://knesset.gov.il/mk/images/members/Greenberg-Uri-Zvi.jpg
352,,גרנות (גרנובסקי),Granot,אברהם,Avraham,,http://knesset.gov.il/mk/images/members/avraham_granot.jpg
353,,גרנות,Granot,אלעזר,Elazar,,http://knesset.gov.il/mk/images/members/granot_elazar.jpg
354,,גרשוני,Guershoni,צבי,Zvi,,http://knesset.gov.il/mk/images/members/gershuni_zvi.jpg
355,,דגני,Degani,עמוס,Amos,,http://knesset.gov.il/mk/images/members/degani_amos.jpg
356,,דובדבני (ויינשל),Duvdevani,יחיאל,Yechiel,,http://knesset.gov.il/mk/images/members/duvdevani_yechiel.jpg
357,,דויטש,Deutsch,אברהם,Avraham,,http://knesset.gov.il/mk/images/members/deutch_avraham.jpg
358,,דון-יחיא (דניאל),Don-Yichye,שבתאי,Shabtai,,http://knesset.gov.il/mk/images/members/don_yichye_shabtai.jpg
359,,דורון,Doron,שרה,Sarah,,http://knesset.gov.il/mk/images/members/doron_sarah.jpg
360,,דיאב,Diab,יוסף,Yussef,,http://knesset.gov.il/mk/images/members/diab_abdula.jpg
361,,דיין,Dayan,שלמה,Shlomo,,http://knesset.gov.il/mk/images/members/dayan_shlomo.jpg
362,,דיין,Dayan,שמואל,Shmuel,,http://knesset.gov.il/mk/images/members/dayan_shmuel.jpg
363,,דינור (דינבורג),Dinor,בן-ציון,Ben-Zion,,http://knesset.gov.il/mk/images/members/benzion_dinur.jpg
364,,דיניץ,Dinitz,שמחה,Simcha,,http://knesset.gov.il/mk/images/members/dinitz_simcha.jpg
365,,דינשטיין,Dinstein,צבי,Zvi,,http://knesset.gov.il/mk/images/members/dinstein_zvi.jpg
366,,דיציאן,Dycian,ליאון,Leon,,http://knesset.gov.il/mk/images/members/ditzian_leon.jpg
367,,דנינו,Danino,דוד,David,,http://knesset.gov.il/mk/images/members/danino_david.jpg
368,,דקל (דייקסל),Dekel,מיכאל,Michael,,http://knesset.gov.il/mk/images/members/dekel_michael.jpg
369,,דרובלס,Drobles,מתתיהו,Mates,,http://knesset.gov.il/mk/images/members/drobles_matityahu.jpg
370,,דרורי (קוז`ינסקי),Drori,אברהם,Avraham,,http://knesset.gov.il/mk/images/members/drori_avraham.jpg
371,,דרורי (קופפרמינץ),Drori,חסיה,Hasya,,http://knesset.gov.il/mk/images/members/drori_hasya.jpg
372,,דרניצקי,Dranitzki,יהודה (יודין),Yehuda,,http://knesset.gov.il/mk/images/members/drinzki_yehuda.jpg
373,,האוזנר,Hausner,גדעון,Gideon,,http://knesset.gov.il/mk/images/members/hauzner_gidon.jpg
374,,הדר (הורביץ),Hadar,עמוס,Amos,,http://knesset.gov.il/mk/images/members/hadar_amos.jpg
375,,הורביץ,Hurvitz,יגאל,Igael,,http://knesset.gov.il/mk/images/members/horvitz_yigal.jpg
376,,הכהן,Hacohen,דוד,David,,http://knesset.gov.il/mk/images/members/hacohen_david.jpg
377,,הכהן,Hacohen,מנחם,Menachem,,http://knesset.gov.il/mk/images/members/hacohen_menachem.jpg
378,,הכרמלי (לולו),Hacarmeli,אליהו,Eliyahu,,http://knesset.gov.il/mk/images/members/hakarmeli_eliahu.jpg
379,,הלוי,Halevi,בנימין,Benjamin,,http://knesset.gov.il/mk/images/members/halevi_binyamin.jpg
380,,הלל,Hillel,שלמה,Shlomo,,http://knesset.gov.il/mk/images/members/hilel_shlomo.jpg
381,,הן,Hen,יחזקאל,Yechezkel,,http://knesset.gov.il/mk/images/members/hen_yehezkel.jpg
382,,העצני (בומבך),Haetzni,אליקים (גיאורג),Elyakim,,http://knesset.gov.il/mk/images/members/haetzni_elyakim.jpg
383,,הקטין,Haktin,רות,Ruth,,http://knesset.gov.il/mk/images/members/haktin_ruth.jpg
384,,הראל (גרבוז),Harel,אהרן,Aharon,,http://knesset.gov.il/mk/images/members/harel_aharon.jpg
385,,הראל (הלפרין),Harel,איסר,Isser,,http://knesset.gov.il/mk/images/members/harel_isser.jpg
386,,הראל (הירשוביץ),Harel,בן-ציון,Ben-Zion,,http://knesset.gov.il/mk/images/members/harel_benzion.jpg
387,,הרינג,Herring,זאב,Zeev,,http://knesset.gov.il/mk/images/members/haring_zeev.jpg
388,,הרליץ,Herlitz,אסתר,Esther,,http://knesset.gov.il/mk/images/members/harlif_esther.jpg
389,,הרמן (שטרן),Herman,זינה,Zina,,http://knesset.gov.il/mk/images/members/herman_zina.jpg
390,,הרפז (גולדברג),Harpaz,נטע,Netta,,http://knesset.gov.il/mk/images/members/harpaz_neta.jpg
391,,הרצוג,Herzog,חיים,Chaim,,http://knesset.gov.il/mk/images/members/herzog_haim.jpg
392,,הרצפלד (פוסטרלקו),Herzfeld,אברהם,Avraham,,http://knesset.gov.il/mk/images/members/hartzfeld_avraham.jpg
393,,הררי,Harari,יזהר,Yizhar,,http://knesset.gov.il/mk/images/members/harari_izhar.jpg
394,,וילנסקה,Vilenska,אסתר,Esther,,http://knesset.gov.il/mk/images/members/vilensky_esther.jpg
395,,וילנר (קובנר),Vilner,מאיר,Meir,,http://knesset.gov.il/mk/images/members/willner_meir.jpg
396,,וירשובסקי,Virshubski,מרדכי,Mordechai,,http://knesset.gov.il/mk/images/members/vershovsky_mordehai.jpg
397,,ולדמן,Waldman,אליעזר,Eliezer,,http://knesset.gov.il/mk/images/members/valdman_eliezer.jpg
398,,ורהפטיג,Warhaftig,זרח,Zerach,,http://knesset.gov.il/mk/images/members/warhaftig_zerach.jpg
399,,ורטהיימר,Wertheimer,זאב (סטף),Stef,,http://knesset.gov.il/mk/images/members/wertheimer_zev.jpg
400,,ורטמן,Wertman,משה,Moshe,,http://knesset.gov.il/mk/images/members/vartman_moshe.jpg
401,,ותד,Wattad,מוחמד,Muhammed,,http://knesset.gov.il/mk/images/members/wated_machamed.jpg
402,,ז`בוטינסקי,Jabotinsky,ערי,Ari,,http://knesset.gov.il/mk/images/members/jabotinsky_ari.jpg
404,,א-זועבי,E-Zoubi,עבד אל-עזיז,Abd-El-Aziz,,http://knesset.gov.il/mk/images/members/zoaabi_aziz_abdul.jpg
405,,זורע (זארודינסקי),Zorea,מאיר,Meir,,http://knesset.gov.il/mk/images/members/zorea_meir.jpg
406,,זיגר,Seyger,יצחק,Isaac,,http://knesset.gov.il/mk/images/members/zigar_yizhak.jpg
407,,זייגרמן,Zeigerman,דרור,Dror,,http://knesset.gov.il/mk/images/members/zaigerman_dror.jpg
408,,זיידל,Seidel,הלל,Hillel,,http://knesset.gov.il/mk/images/members/seided_hillel.jpg
409,,זילברברג,Zilberberg,אברהם,Avraham,,http://knesset.gov.il/mk/images/members/zilberbeg_avraham.jpg
410,,זיסמן,Zysman,שלום,Shalom,,http://knesset.gov.il/mk/images/members/zisman_shalom.jpg
411,,זכאי,Zackay,יחזקאל,Yehezkel,,http://knesset.gov.il/mk/images/members/zakai_yechzkel.jpg
412,,זכין,Zakin,דב,Dov,,http://knesset.gov.il/mk/images/members/zacon_dov.jpg
413,,זר,Zar,מרדכי,Mordechai,,http://knesset.gov.il/mk/images/members/zer_mordechai.jpg
414,,חביבי,Habibi,אמיל,Emil,,http://knesset.gov.il/mk/images/members/chabibi_emil.jpg
415,,חושי (שנלר),Hushi,אבא,Abba,,http://knesset.gov.il/mk/images/members/chushi_abba.jpg
416,,חזן,Chazan,יעקב,Yaakov,,http://knesset.gov.il/mk/images/members/hazan_yakov.jpg
417,,חזני (קנטרוביץ`),Chasani,יעקב מיכאל,Michael,,http://knesset.gov.il/mk/images/members/hazani_michael.jpg
418,,חלאילה,Khalaily,חמד,Hamad,,http://knesset.gov.il/mk/images/members/khalaily_hamad.jpg
419,,חלפון,Halfon,בן-ציון,Ben-Sion,,http://knesset.gov.il/mk/images/members/halfon_benzion.jpg
420,,חמדאן,Hamdan,פארס,Faras,,http://knesset.gov.il/mk/images/members/hamdan_faris.jpg
421,,ח`מיס,Hamis,יוסוף,Yussuf,,http://knesset.gov.il/mk/images/members/hamis_yosef.jpg
422,,ח`ניפס,Hanifes,סאלח-חסן,Salah-Hassan,,http://knesset.gov.il/mk/images/members/hanipes_salach.jpg
423,,חסין,Hassin,אשר,Asher,,http://knesset.gov.il/mk/images/members/hassin_asher.jpg
424,,חריף,Harif,משה,Moshe,,http://knesset.gov.il/mk/images/members/harif_moshe.jpg
425,,חשאי,Hashai,יהודה,Yehuda,,http://knesset.gov.il/mk/images/members/hashai_yehuda.jpg
426,,חת,Het,נחום,Nahum,,http://knesset.gov.il/mk/images/members/hett_nahum.jpg
427,,טביב,Taviv,אברהם,Avraham,,http://knesset.gov.il/mk/images/members/taviv_avraham.jpg
428,,טבנקין,Tabankin,יצחק,Yitzhak,,http://knesset.gov.il/mk/images/members/tabankin_yitzhak.jpg
429,,טברסקי,Tversky,ז`ניה,Jenia,,http://knesset.gov.il/mk/images/members/tversky_genia.jpg
430,,טובי,Toubi,תופיק,Tawfik,,http://knesset.gov.il/mk/images/members/tobi_taufik.jpg
431,,טולידנו,Toledano,שמואל,Shmuel,,http://knesset.gov.il/mk/images/members/toledano_shmuel.jpg
432,,טיאר,Tiar,אברהם,Avraham,,http://knesset.gov.il/mk/images/members/tayer_avraham.jpg
433,,יערי (וולד),Yaari,מאיר,Meir,,http://knesset.gov.il/mk/images/members/yaari_meir.jpg
435,,יפה,Yoffe,אברהם,Abraham,,http://knesset.gov.il/mk/images/members/yafe_avraham.jpg
436,,יפרח,Yifrach,יהונתן,Yehonatan,,http://knesset.gov.il/mk/images/members/yifrach_yehonatan.jpg
438,,יצחקי (לישבסקי),Itzhaky (Lishovsky),יצחק,Itzhak,,http://knesset.gov.il/mk/images/members/yitzhaki_yitzhak.jpg
439,,יציב,Yatziv,גדי,Gadi,,http://knesset.gov.il/mk/images/members/yatziv_gadi.jpg
440,,יריב (רבינוביץ`),Yariv,אהרן,Aharon,,http://knesset.gov.il/mk/images/members/yariv_aharon.jpg
441,,ישעיהו-שרעבי,Yeshayahu,ישראל,Yisrael,,http://knesset.gov.il/mk/images/members/yeshayau_israel.jpg
442,,כהן,Cohen,אידוב,Idov,,http://knesset.gov.il/mk/images/members/cohen_idov.jpg
443,,כהן,Cohen,בנו,Benno,,http://knesset.gov.il/mk/images/members/cohen_beno.jpg
444,,כהן,Cohen,גאולה,Geula,,http://knesset.gov.il/mk/images/members/cohen_geula.jpg
445,,כהן,Cohen,גבריאל,Gavriel,,http://knesset.gov.il/mk/images/members/cohen_gabi.jpg
446,,כהן,Cohen,יגאל,Yigal,,http://knesset.gov.il/mk/images/members/cohen_yigal.jpg
447,,כהן,Cohen,יוחנן,Yohanan,,http://knesset.gov.il/mk/images/members/cohen_yochanan.jpg
448,,כהן,Cohen,מנחם,Menahem,,http://knesset.gov.il/mk/images/members/cohen_menahem.jpg
449,,כהן,Cohen,שלום,Shalom,,http://knesset.gov.il/mk/images/members/cohen_shalom.jpg
450,,כהן-אבידב,Cohen-Avidov,מאיר,Meir,,http://knesset.gov.il/mk/images/members/cohen_meir.jpg
451,,כהן-אורגד,Cohen-Orgad,יגאל,Yigal,,http://knesset.gov.il/mk/images/members/cohenorgad_yigal.jpg
452,,כהן-כגן (לוברסקי),Cohen-Kagan,רחל,Rachel,,http://knesset.gov.il/mk/images/members/cohen_kagan_rachel.jpg
453,,כהן-מגורי,Cohen-Meguri,חיים,Haim,,http://knesset.gov.il/mk/images/members/cohenmeguri_haim.jpg
455,,כהנא,Kahane,מאיר,Meir,,http://knesset.gov.il/mk/images/members/kahana_meir.jpg
456,,כהנא,Kahana,קלמן,Kalman,,http://knesset.gov.il/mk/images/members/kahana_kalman.jpg
457,,כלפון,Kalfon,אברהם,Avraham,,http://knesset.gov.il/mk/images/members/kalfon_avraham.jpg
458,,כנוביץ`,Kanovitch,שמעון,Shimon,,http://knesset.gov.il/mk/images/members/kanowitz_shimon.jpg
459,,כסה (קוסוי),Kesse ,יונה,Yona,,http://knesset.gov.il/mk/images/members/kesseh_yonah.jpg
460,,כפרית,Kafrit,שרה,Sarah,,http://knesset.gov.il/mk/images/members/kafrit_sarah.jpg
461,,כץ,Katz,אברהם,Avraham,,http://knesset.gov.il/mk/images/members/katz_avraham.jpg
462,,כץ,Katz,זאב,Zeev,,http://knesset.gov.il/mk/images/members/katz_zeev.jpg
463,,כ”ץ,Katz,יעקב,Yaakov,,http://knesset.gov.il/mk/images/members/katz_yaakov.jpg
464,,כץ,Katz,שמואל,Shmuel,,http://knesset.gov.il/mk/images/members/katz_shmuel.jpg
465,,כ”ץ-עוז,Katz-Oz,אברהם,Avraham,,http://knesset.gov.il/mk/images/members/katz-oz_avraham.jpg
466,,כצנלסון,Katznelson,בת-שבע,Batsheva,,http://knesset.gov.il/mk/images/members/katznelson_batsheva.jpg
467,,כרמל (זליצקי),Carmel,משה,Moshe,,http://knesset.gov.il/mk/images/members/carmel_moshe.jpg
403,,זוארץ,Zo-Aretz,פריג`א,Fridja,,http://knesset.gov.il/mk/images/members/zuaretz_prija.jpg
434,,יפה,Yafeh,אביעד,Aviad,,http://knesset.gov.il/mk/images/members/yafe_adi.jpg
437,,יצחקי,Itzhaky,יצחק,Itzhak,,http://knesset.gov.il/mk/images/members/yizhaki_yizhak.jpg
454,,כהן-צידון,Cohen-Tsiddon,שלמה,Shlomo,,http://knesset.gov.il/mk/images/members/no_mkphoto.jpg
468,,לבון (לוביאניקר),Lavon,פנחס,Pinhas,,http://knesset.gov.il/mk/images/members/lavon_pinhas.jpg
469,,לביא (לבקוביץ`),Lavi,שלמה,Shlomo,,http://knesset.gov.il/mk/images/members/lavi_shlomo.jpg
470,,לבנבראון,Levenbraun,אברהם,Avraham,,http://knesset.gov.il/mk/images/members/levanbraun_avraham.jpg
471,,לבני,Livni,איתן,Eitan,,http://knesset.gov.il/mk/images/members/livny_eitan.jpg
472,,לוונשטיין,Levenstein,מאיר דוד,Meir-David,,http://knesset.gov.il/mk/images/members/levenstein_meir.jpg
473,,לוז (לוזינסקי),Luz,קדיש,Kadish,,http://knesset.gov.il/mk/images/members/luz_kadish.jpg
474,,לוי,Levy,דניאל יצחק,Daniel-Yitzhak,,http://knesset.gov.il/mk/images/members/levi_daniel.jpg
475,,לוי,Levy,יאיר,Yair,,http://knesset.gov.il/mk/images/members/levi_yair.jpg
476,,לוי,Levy,סטלה,Stella,,http://knesset.gov.il/mk/images/members/levi_stella.jpg
477,,לוין,Levin,יצחק מאיר,Yitzhak-Meir,,http://knesset.gov.il/mk/images/members/levin_yitzhak-meir.jpg
478,,לוין,Levin,נחום,Nahum,,http://knesset.gov.il/mk/images/members/levin_nahum.jpg
479,,לוין,Levin,שלום,Shalom,,http://knesset.gov.il/mk/images/members/levin_shalom.jpg
480,,לוקר,Locker,ברל,Beryl,,http://knesset.gov.il/mk/images/members/locker_berl.jpg
481,,לורינץ,Lorincz,שלמה,Shlomo,,http://knesset.gov.il/mk/images/members/lorenz_shlomo.jpg
482,,ליבנה (ליבנשטיין),Livna,אליעזר,Eliezer,,http://knesset.gov.il/mk/images/members/livneh_eliezer.jpg
483,,ליבשיץ,Livschitz,דוד,David,,http://knesset.gov.il/mk/images/members/lifschitz_david.jpg
484,,לין (אסולין),Lynn,אוריאל,Uriel,,http://knesset.gov.il/mk/images/members/lin_uriel.jpg
485,,לין (לינקובסקי),Linn,אמנון,Amnon,,http://knesset.gov.il/mk/images/members/lin_amnon.jpg
486,,לינקר,Linker,ציטה,Zita,,http://knesset.gov.il/mk/images/members/linker_zita.jpg
487,,לם,Lamm,יוסף מיכאל,Yosef-Michael,,http://knesset.gov.il/mk/images/members/lam_yosef.jpg
488,,למדן (לרנר),Lamdan,חנה,Hannah,,http://knesset.gov.il/mk/images/members/lamdan_hanna.jpg
489,,לנדאו,Landau,חיים,Haim,,http://knesset.gov.il/mk/images/members/landau_haim.jpg
490,,לנקין,Lankin,אליהו,Eliyahu,,http://knesset.gov.il/mk/images/members/lankin_eliyahu.jpg
491,,לסקוב,Laskov,צפורה,Tzipora,,http://knesset.gov.il/mk/images/members/Tzipora_Laskov.jpg
492,,לקט,Leket,יחיאל,Yehiel,,http://knesset.gov.il/mk/images/members/leket_yehiel.jpg
493,,מודעי (מדזוביטש),Moday,יצחק,Yitzhak,,http://knesset.gov.il/mk/images/members/modai_yizhak.jpg
494,,מואב,Moav,בועז,Boaz,,http://knesset.gov.il/mk/images/members/moav_boaz.jpg
495,,מוויס,Mwais,חנא,Hanna,,http://knesset.gov.il/mk/images/members/mavis_hana.jpg
496,,מויאל,Moyal,אליהו,Eliahu,,http://knesset.gov.il/mk/images/members/moyal_eliyau.jpg
497,,מועדי,Moade,ג`בר,Jabr,,http://knesset.gov.il/mk/images/members/moadi_jabar.jpg
498,,מור,Mor,דוד,David,,http://knesset.gov.il/mk/images/members/mor_david.jpg
499,,מזרחי,Mizrachi,אליעזר,Eliezer,,http://knesset.gov.il/mk/images/members/mizrachi_eliezer.jpg
500,,מזור,Mazur,אליהו,Eliyahu,,http://knesset.gov.il/mk/images/members/mazor_eliyahu.jpg
501,,מזרחי,Mizrachi,יעקב,Yaakov,,http://knesset.gov.il/mk/images/members/mizrahi_yaakov.jpg
502,,מילמן,Milman,דב,Dov,,http://knesset.gov.il/mk/images/members/milman_dov.jpg
503,,מימון (פישמן),Maimon,יהודה לייב,Yehuda Leib,,http://knesset.gov.il/mk/images/members/maimon_yehuda.jpg
504,,מימון (פישמן),Maimon,עדה,Ada,,http://knesset.gov.il/mk/images/members/maimon_ada.jpg
505,,מינץ,Mintz,בנימין,Benjamin,,http://knesset.gov.il/mk/images/members/mintz_binyamin.jpg
506,,מיעארי,Miari,מוחמד,Mohammed,,http://knesset.gov.il/mk/images/members/miari_mohammed.jpg
507,,מיקוניס,Mikunis,שמואל,Shmuel,,http://knesset.gov.il/mk/images/members/mikonos_shmuel.jpg
508,,מלמד,Melamed,אברהם,Abraham,,http://knesset.gov.il/mk/images/members/melamed_avraham.jpg
509,,מרון (סגל),Meron,משה,Moshe,,http://knesset.gov.il/mk/images/members/meron_moshe.jpg
510,,מרידור (וירז`בולובסקי),Meridor,אליהו,Eliyahu,,http://knesset.gov.il/mk/images/members/meridor_eliyahu.jpg
511,,מרידור (ויניארסקי),Meridor,יעקב,Yaacov,,http://knesset.gov.il/mk/images/members/meridor_yaakov.jpg
512,,מרלין,Merlin,שמואל,Shmuel,,http://knesset.gov.il/mk/images/members/marlin_shmuel.jpg
513,,מרציאנו,Marciano,סעדיה,Saadia,,http://knesset.gov.il/mk/images/members/no_mkphoto.jpg
514,,משל,Meshel,ירוחם,Jerucham,,http://knesset.gov.il/mk/images/members/meshel_yeruham.jpg
515,,נאמן,Neeman,יובל,Yuval,,http://knesset.gov.il/mk/images/members/neman_yuval.jpg
516,,נוף (נפרסטק),Nof,עקיבא,Akiva,,http://knesset.gov.il/mk/images/members/noff_akiva.jpg
517,,נורוק,Nurock,מרדכי (מקס),Mordechai,,http://knesset.gov.il/mk/images/members/nurok_mordechai.jpg
519,,נחושתן (צ`לבי),Nechushtan,יעקב,Yaakov,,http://knesset.gov.il/mk/images/members/nehushtan_yaakov.jpg
521,,נחמיאס,Nahmias,אהרן רפאל,Aharon,,http://knesset.gov.il/mk/images/members/nachmias_aharon.jpg
522,,נחמקין,Nehemkin,אריה,Arye,,http://knesset.gov.il/mk/images/members/nehamkin_arye.jpg
520,,נח`לה,Nahale,אליאס,Elias,,http://knesset.gov.il/mk/images/members/nachle_elias.jpg
523,,ניצני (צ`יצ`ק),Nitzani,יעקב,Yaakov,,http://knesset.gov.il/mk/images/members/nitzani_yaakov.jpg
524,,ניר (רפאלקס),Nir,נחום,Nahum,,http://knesset.gov.il/mk/images/members/nir_nachum.jpg
525,,נמיר (נמירובסקי),Namir,מרדכי,Mordechai,,http://knesset.gov.il/mk/images/members/namir_mordechai.jpg
526,,נסראלדין,Nasereldeen,אמל,Amal,,http://knesset.gov.il/mk/images/members/nasraldin_amal.jpg
527,,נעים,Naim,רענן,Raanan,,http://knesset.gov.il/mk/images/members/naim_raanan.jpg
528,,נפאע,Naffa,מוחמד,Mohamed,,http://knesset.gov.il/mk/images/members/nafa_mohammed.jpg
529,,נפתלי,Naftali,פרץ (פריץ),Peretz,,http://knesset.gov.il/mk/images/members/naftali_peretz.jpg
530,,נצר (נוסוביסצקי),Netzer,דבורה,Devorah,,http://knesset.gov.il/mk/images/members/nezer_dvora.jpg
531,,נריה,Neriah,משה-צבי,Moshe-Zvi,,http://knesset.gov.il/mk/images/members/neria_moshe.jpg
532,,סבג,Sebag,אורי,Uri,,http://knesset.gov.il/mk/images/members/sabag_uri.jpg
533,,סבידור (חודורובסקי),Savidor,מנחם,Menachem,,http://knesset.gov.il/mk/images/members/savidor_menahem.jpg
534,,סדן (שטוק),Sadan,דוב,Dov,,http://knesset.gov.il/mk/images/members/sadan_dov.jpg
535,,סוזאיב,Susayeff,זלמן,Zalman,,http://knesset.gov.il/mk/images/members/suzayiv_zalman.jpg
536,,סוויסה,Suissa,רפאל,Raphael,,http://knesset.gov.il/mk/images/members/suissa_rephael.jpg
537,,סולודר,Solodar,עדנה,Edna,,http://knesset.gov.il/mk/images/members/solodar_edna.jpg
538,,סורקיס,Surkis,מרדכי,Mordechai,,http://knesset.gov.il/mk/images/members/sorkis_mordechai.jpg
539,,סטופ,Stupp,אברהם,Abraham,,http://knesset.gov.il/mk/images/members/stop_avraham.jpg
540,,סלימאן,Saliman,סאלח,Tzalach,,http://knesset.gov.il/mk/images/members/saliman_salach.jpg
541,,סמילנסקי,Smilansky,יזהר,Yizhar,,http://knesset.gov.il/mk/images/members/smilansky_yizhar.jpg
542,,סנה (קליינבוים),Sneh,משה,Moshe,,http://knesset.gov.il/mk/images/members/sneh_moshe.jpg
543,,סנהדראי,Sanhadray,טובה,Tova,,http://knesset.gov.il/mk/images/members/sanhadrai_tova.jpg
544,,ספיר,Sapir,יוסף,Yosef,,http://knesset.gov.il/mk/images/members/sapir_yosef.jpg
545,,ספיר (קוזלובסקי),Sapir,פנחס,Pinhas,,http://knesset.gov.il/mk/images/members/sapir_pinchas.jpg
546,,סרדינס,Sardines,משה,Moshe,,http://knesset.gov.il/mk/images/members/sardinas_moshe.jpg
547,,סרטני,Sartani,אמירה,Amira,,http://knesset.gov.il/mk/images/members/sartani_amira.jpg
548,,סרלין,Serlin,יוסף,Yosef,,http://knesset.gov.il/mk/images/members/serlin_yosef.jpg
549,,עבאס,Abaas,אברהם,Avraham,,http://knesset.gov.il/mk/images/members/abaas_avraham.jpg
550,,עוביד,Ovid,דיאב,Diyab,,http://knesset.gov.il/mk/images/members/ovid_diab.jpg
552,,עופר (הירש),Ofer,אברהם,Avraham,,http://knesset.gov.il/mk/images/members/offer_avraham.jpg
553,,עופר (קסבינר),Offer,מרדכי,Mordechai,,http://knesset.gov.il/mk/images/members/offer_mordechai.jpg
554,,עטשי,Atashi,זיידאן,Zeidan,,http://knesset.gov.il/mk/images/members/atashi_zaydan.jpg
555,,עמאר,Amar,משה,Moshe,,http://knesset.gov.il/mk/images/members/amar_moshe.jpg
557,,עמר,Amar,שלמה,Shlomo,,http://knesset.gov.il/mk/images/members/amar_shlomo.jpg
558,,פארס,Faris,חסיין,Hussein,,http://knesset.gov.il/mk/images/members/paras_hassin.jpg
559,,פדר,Feder,נפתלי,Naftali,,http://knesset.gov.il/mk/images/members/feder_naftali.jpg
560,,פורדר,Foerder,ישעיהו,Yeshayahu,,http://knesset.gov.il/mk/images/members/no_mkphoto.jpg
561,,פיינברג-סירני,Feinberg-Sireni,עדה,Ada,,http://knesset.gov.il/mk/images/members/feinberg_sireni_ada.jpg
562,,פיינרמן,Feinerman,עוזי,Uzi,,http://knesset.gov.il/mk/images/members/feinerman_uzi.jpg
563,,פישר,Fischer,יוסף,Yosef,,http://knesset.gov.il/mk/images/members/fisher_yosef.jpg
564,,פלאטו-שרון (שייביץ`),Flatto-Sharon,שמואל,Shmuel,,http://knesset.gov.il/mk/images/members/platosharon_shmuel.jpg
565,,פלד (איפלנד),Peled,מתתיהו,Mattityahu,,http://knesset.gov.il/mk/images/members/peled_matityahu.jpg
566,,פלד (פרידל),Peled,נתן,Natan,,http://knesset.gov.il/mk/images/members/peled_natan.jpg
567,,פלדמן,Feldman,משה זאב,Moseh  Zeev,,http://knesset.gov.il/mk/images/members/feldman_moshe.jpg
568,,פלדמן,Feldman,ראובן,Reuven,,http://knesset.gov.il/mk/images/members/feldman_reuven.jpg
569,,פלומין,Flomin,יחזקאל,Yehezkel,,http://knesset.gov.il/mk/images/members/flumin_yehezkel.jpg
570,,פלש,Flash,ג`ורג`,George,,http://knesset.gov.il/mk/images/members/flash_george.jpg
571,,פנקס,Pinkas,דוד צבי,David-Zvi,,http://knesset.gov.il/mk/images/members/pinkas_david.jpg
572,,פעיל (פילבסקי),Pa`il,מאיר,Meir,,http://knesset.gov.il/mk/images/members/pail_meir.jpg
573,,פרומקין,Frumkin,השל,Heshel,,http://knesset.gov.il/mk/images/members/no_mkphoto.jpg
574,,פרח,Perach,יהודה,Yehuda,,http://knesset.gov.il/mk/images/members/perach_yehuda.jpg
575,,פרי (וילדר-פראי),Peri,אליעזר,Eliezer,,http://knesset.gov.il/mk/images/members/peri_eliezer.jpg
577,,פרידמן,Freedman,שמחה,Simcha,,http://knesset.gov.il/mk/images/members/fridman_shimcha.jpg
578,,פרלשטיין,Perlstein,שלמה,Shlomo,,http://knesset.gov.il/mk/images/members/perlstein_shlomo.jpg
579,,פרמינגר,Preminger,אליעזר,Eliezer,,http://knesset.gov.il/mk/images/members/farminger_eliazer.jpg
580,,פרנק,Frank,יעקב,Yaakov,,http://knesset.gov.il/mk/images/members/frank_yaakov.jpg
581,,פרסיץ,Parsitz,שושנה,Shoshana,,http://knesset.gov.il/mk/images/members/persitz_shoshana.jpg
582,,פרץ,Peretz,יצחק,Yitzhak,,http://knesset.gov.il/mk/images/members/perez_yizhak.jpg
584,,צברי,Tsabari,רחל,Rachel,,http://knesset.gov.il/mk/images/members/zabari_rachel.jpg
585,,צדוק (וילקנפלד),Zadok,חיים יוסף,Haim Joseph,,http://knesset.gov.il/mk/images/members/zadok_chaim.jpg
551,,עוזיאל,Uziel,ברוך,Baruch,,http://knesset.gov.il/mk/images/members/uziel_baruch.jpg
556,,עמית (סלוצקי),Amit,מאיר,Meir,,http://knesset.gov.il/mk/images/members/amit_maor.jpg
583,,פתל,Petel,דוד,David,,http://knesset.gov.il/mk/images/members/petel_david.jpg
586,,צור (שטיין),Tsur,זאב,Zeev,,http://knesset.gov.il/mk/images/members/zur_zeev.jpg
587,,צור (שטיינברג),Tsur,יעקב,Yaacov,,http://knesset.gov.il/mk/images/members/zur_yaakov.jpg
588,,צור (צ`רטנקו),Tsur,צבי (צ`רה),Zvi,,http://knesset.gov.il/mk/images/members/zur_zvi.jpg
589,,צידון (צ`אטו),Tsiddon (Chatto),יואש,Yoash,,http://knesset.gov.il/mk/images/members/ziddon_yoash.jpg
590,,ציזלינג,Zisling,אהרן,Aharon,,http://knesset.gov.il/mk/images/members/zisling_aharon.jpg
591,,צימרמן,Zimmerman,צבי,Zvi,,http://knesset.gov.il/mk/images/members/zimerman_zvi.jpg
592,,צפורי (הנקוביץ`-הנדין),Zipori,מרדכי,Mordechai,,http://knesset.gov.il/mk/images/members/zipori_mordechai.jpg
593,,קול (קולודני),Kol,משה,Moshe,,http://knesset.gov.il/mk/images/members/kol_moshe.jpg
594,,קולס,Kulas,אליעזר,Eliezer,,http://knesset.gov.il/mk/images/members/kulas_eliezer.jpg
595,,קוק (ברגסון),Kook,הלל (פיטר),Hillel,,http://knesset.gov.il/mk/images/members/kook_hillel.jpg
596,,קורן,Coren,דוד,David,,http://knesset.gov.il/mk/images/members/koren_david.jpg
597,,קורן,Coren,יצחק,Yitzhak,,http://knesset.gov.il/mk/images/members/koren_yitzhak.jpg
598,,קורפו,Corfo,חיים,Haim,,http://knesset.gov.il/mk/images/members/korpo_chaim.jpg
599,,קושניר,Kushnir,יוסף,Yosef,,http://knesset.gov.il/mk/images/members/kushnir_yosef.jpg
600,,קליבנוב,Klivnov,יעקב,Yaakov,,http://knesset.gov.il/mk/images/members/klebanov_yaakov.jpg
601,,קלינגהופר,Klinghoffer,יצחק הנס,Yitzhak,,http://knesset.gov.il/mk/images/members/kelinghoper_yizhak.jpg
602,,קלמר,Kelmer,משה,Moshe,,http://knesset.gov.il/mk/images/members/kelmar_moshe.jpg
603,,קמין (קמינקר),Kamin,ברוך,Baruch,,http://knesset.gov.il/mk/images/members/kamin_baruch.jpg
604,,קנב (קניבסקי),Kanev,יצחק,Itzhak,,http://knesset.gov.il/mk/images/members/kanav_yitzhak.jpg
605,,קסיס,Kassis,מסעד,Masaad,,http://knesset.gov.il/mk/images/members/kasis_masaad.jpg
606,,קפלן,Kaplan,אליעזר,Eliezer,,http://knesset.gov.il/mk/images/members/kaplan_eliezer.jpg
607,,קצב,Katzsab,נוזהת,Nuzhat,,http://knesset.gov.il/mk/images/members/katzav_nuzhat.jpg
608,,קרגמן,Kargman,ישראל,Israel,,http://knesset.gov.il/mk/images/members/kargman_israel.jpg
609,,קרמרמן,Kremerman,יוסף,Joseph,,http://knesset.gov.il/mk/images/members/kramerman_yosef.jpg
610,,קשת (קצנלנבוגן),Keshet,בן-ציון,Ben-Zion,,http://knesset.gov.il/mk/images/members/keshet_benzion.jpg
611,,רבינוביץ`,Rabinowitz,יהושע,Yehoshua,,http://knesset.gov.il/mk/images/members/rabinovitz_yehoshua.jpg
612,,רובין,Rubin,בן-ציון,Ben-Zion,,http://knesset.gov.il/mk/images/members/rubin_benzion.jpg
613,,רובין,Rubin,חנן (הנס),Hanan,,http://knesset.gov.il/mk/images/members/rubin_hanan.jpg
614,,רוזוליו,Rosolio,דניאל,Daniel,,http://knesset.gov.il/mk/images/members/rozolin_daniel.jpg
616,,רוזן,Rosen,שלמה,Shlomo,,http://knesset.gov.il/mk/images/members/rozen_shlomo.jpg
617,,רום (רבינוביץ`),Rom,יוסף,Josef,,http://knesset.gov.il/mk/images/members/rom_yosef.jpg
618,,רון,Ron,אמרי,Emry,,http://knesset.gov.il/mk/images/members/ron_omri.jpg
619,,רונן (רוזנפלד),Ronnen,אליעזר,Eliezer,,http://knesset.gov.il/mk/images/members/ronen_eliezer.jpg
620,,רוקח,Rokach,ישראל,Israel,,http://knesset.gov.il/mk/images/members/rokach_israel.jpg
621,,רז (ריז`יק),Raz,נחמן,Nachman,,http://knesset.gov.il/mk/images/members/raz_nachman.jpg
622,,רזיאל-נאור,Raziel-Naor,אסתר,Esther,,http://knesset.gov.il/mk/images/members/raziel_esther.jpg
623,,רייסר,Reisser,מיכאל,Michael,,http://knesset.gov.il/mk/images/members/rayser_michael.jpg
624,,רימלט,Rimalt,אלימלך-שמעון,Elimelech,,http://knesset.gov.il/mk/images/members/rimlet_elimelech.jpg
625,,ריפתין,Riftin,יעקב,Yaakov,,http://knesset.gov.il/mk/images/members/riftin_yaakov.jpg
626,,רכטמן,Rechtman,שמואל,Shmuel,,http://knesset.gov.il/mk/images/members/rechtman_shmuel.jpg
628,,רמז (דרבקין),Remez,דוד,David,,http://knesset.gov.il/mk/images/members/remez_david.jpg
629,,רנר,Rener,צבי,Zvi,,http://knesset.gov.il/mk/images/members/raner_zvi.jpg
630,,רפאל,Raphael,יצחק,Yitzhak,,http://knesset.gov.il/mk/images/members/rephael_yitzhak.jpg
631,,רפטור,Raptor,ברל,Beryl,,http://knesset.gov.il/mk/images/members/raptor_berl.jpg
632,,רצון,Ratzon,מנחם,Menachem,,http://knesset.gov.il/mk/images/members/ratzon_menachem.jpg
633,,רקנטי,Rakanti,אברהם,Avraham,,http://knesset.gov.il/mk/images/members/rekanati_avraham.jpg
634,,שאג (צוובנר),Shag,אברהם חיים,Avraham-Haim,,http://knesset.gov.il/mk/images/members/shag_avraham.jpg
635,,שאקי,Shaki,שלום אברהם,Shalom-Avraham,,http://knesset.gov.il/mk/images/members/shaki_avraham.jpg
636,,שגיא (ברמן),Sagi,יהושע,Yeushua,,http://knesset.gov.il/mk/images/members/sagi_yehoshua.jpg
637,,שובל (פינקלשטיין),Shoval,זלמן,Zalman,,http://knesset.gov.il/mk/images/members/shoval_zalman.jpg
638,,שוסטק,Shostak,אליעזר,Eliezer,,http://knesset.gov.il/mk/images/members/shustak_eliezer.jpg
639,,שופמן,Shofman,יוסף,Yosef,,http://knesset.gov.il/mk/images/members/shofman_yosef.jpg
640,,שוקן,Schocken,גרשום,Gershom,,http://knesset.gov.il/mk/images/members/shoken_gershom.jpg
641,,שורש (שטרנברג),Shoresh,שמואל,Shmuel,,http://knesset.gov.il/mk/images/members/shoresh_shmuel.jpg
642,,שחור,Shachor,בנימין,Binyamin,,http://knesset.gov.il/mk/images/members/shahor_binyamin.jpg
576,,פרידמן,Freedman,מרשה,Marcia,,http://knesset.gov.il/mk/images/members/freedman_marsha.jpg
615,,רוזן (רוזנבליט),Rosen,פנחס (פליקס),Pinhas,,http://knesset.gov.il/mk/images/members/rozen_pinchas.jpg
627,,רמז,Remez,אהרן,Aharon,,http://knesset.gov.il/mk/images/members/remez_aharon.jpg
643,,שטרית,Sheetrit,בכור שלום,Bechor-Shalom,,http://knesset.gov.il/mk/images/members/shitreet_bechorshalom.jpg
644,,שטרן,Stern,דוד,David,,http://knesset.gov.il/mk/images/members/stern_david.jpg
645,,שטרן,Stern,מרדכי חיים,Mordechai-Chaim,,http://knesset.gov.il/mk/images/members/stern_mordechai_haim.jpg
646,,שטרן-קטן,Stern-Katan,שרה,Sara,,http://knesset.gov.il/mk/images/members/sternkatan_sarah.jpg
647,,שיכמן,Shichman,שבתאי,Shabtai,,http://knesset.gov.il/mk/images/members/shicman_shabtai.jpg
648,,שילוח (לנגזם),Shiloah,צבי,Zvi,,http://knesset.gov.il/mk/images/members/shiloah_zvi.jpg
649,,שינמן,Scheinman,פנחס,Pinchas,,http://knesset.gov.il/mk/images/members/shinman_pinhas.jpg
650,,שיפמן,Shiffman,דוד,David,,http://knesset.gov.il/mk/images/members/shifman_david.jpg
651,,שכטרמן,Shechterman,אברהם,Abraham,,http://knesset.gov.il/mk/images/members/shechterman_avraham.jpg
652,,שלום,Shalom,אפרים,Ephraim,,http://knesset.gov.il/mk/images/members/shalom_efraim.jpg
653,,שליטא,Shalita,בני,Benny,,http://knesset.gov.il/mk/images/members/shalita_benny.jpg
654,,שם-טוב,Shem-Tov,ויקטור,Victor,,http://knesset.gov.il/mk/images/members/shemtov_victor.jpg
655,,שמחונית,Simhoni,יהודית,Yehudit,,http://knesset.gov.il/mk/images/members/smhonit_yahotit.jpg
656,,שמיר,Shamir,משה,Moshe,,http://knesset.gov.il/mk/images/members/shamir_moshe.jpg
657,,שמעוני,Shimoni,חביב,Haviv,,http://knesset.gov.il/mk/images/members/shimoni_chaviv.jpg
658,,שערי (שויירמן),Shaari,יהודה,Yehuda,,http://knesset.gov.il/mk/images/members/shari_yehuda.jpg
660,,שפטל,Sheftel,אריה,Aryeh,,http://knesset.gov.il/mk/images/members/sheftal_arye.jpg
661,,שפייזר,Speiser,אליהו,Eliahu,,http://knesset.gov.il/mk/images/members/speizer_eliyahu.jpg
663,,שפירא,Shapira,חיים משה,Haim-Moshe,,http://knesset.gov.il/mk/images/members/shapira_haim.jpg
665,,שפירא,Shapira,יעקב שמשון,Yaakov-Shimshon,,http://knesset.gov.il/mk/images/members/shapira_s_yaakov.jpg
666,,שפר (פיינשטיין),Shefer,זאב,Zeev,,http://knesset.gov.il/mk/images/members/shefer_zeev.jpg
667,,שפרינצק,Shprinzak,יאיר,Yair,,http://knesset.gov.il/mk/images/members/sprinzak_yair.jpg
668,,שפרינצק,Shprinzak,יוסף,Joseph,,http://knesset.gov.il/mk/images/members/sprinzak_yosef.jpg
669,,שרי (שרייבמן),Sheri,ראובן,Reuven,,http://knesset.gov.il/mk/images/members/shari_reuven.jpg
670,,שריר,Sharir,אברהם,Avraham,,http://knesset.gov.il/mk/images/members/sharir_avraham.jpg
672,,שרת (שרתוק),Sharett,משה,Moshe,,http://knesset.gov.il/mk/images/members/sharett_moshe.jpg
673,,ששון,Sasson,אליהו,Eliyahu,,http://knesset.gov.il/mk/images/members/sason_eliyahu.jpg
674,,ששון (סילס),Sasson,בנימין (צאלח),Binyamin,,http://knesset.gov.il/mk/images/members/sasson_binyamin.jpg
675,,תבורי (פופיק),Taburi,אפרים,Ephraim,,http://knesset.gov.il/mk/images/members/tabori_efraim.jpg
676,,תלמי (לוין),Talmi,אמה,Emma,,http://knesset.gov.il/mk/images/members/talmi_emma.jpg
677,,תלמי,Talmi,מאיר,Meir,,http://knesset.gov.il/mk/images/members/talmi_meir.jpg
678,,תמיר (קבנצל),Tamir,יוסף,Josef,,http://knesset.gov.il/mk/images/members/tamir_yossef.jpg
679,,תמיר (כצנלסון),Tamir (Katznelson),שמואל,Shmuel ,,http://knesset.gov.il/mk/images/members/tamir_shmuel.jpg
680,,בן-צבי (שימשלביץ),Ben-Zvi,יצחק,Yitzhak,,http://knesset.gov.il/mk/images/members/ben_zvi_yitzhak.jpg
681,,שזר (רובשוב),Shazar,שניאור זלמן,Shneor Zalman,,http://knesset.gov.il/mk/images/members/shazar_zalman.jpg
682,,אלון (פייקוביץ),Allon,יגאל,Yigal,,http://knesset.gov.il/mk/images/members/alon_yigal.jpg
683,,אשכול (שקולניק),Eshkol,לוי,Levi,,http://knesset.gov.il/mk/images/members/eshkol_levi.jpg
684,,בן-גוריון (גרין),Ben-Gurion,דוד,David,,http://knesset.gov.il/mk/images/members/bengurion_david.jpg
685,,מאיר (מאירסון),Meir,גולדה,Golda,,http://knesset.gov.il/mk/images/members/meir_golda.jpg
686,,פרוש,Porush,מנחם,Menahem,,http://knesset.gov.il/mk/images/members/porush_menachem.jpg
687,,נבון,Navon,יצחק,Yitzhak,,http://knesset.gov.il/mk/images/members/navon_yizhak.jpg
688,,דיין,Dayan,משה,Moshe,,http://knesset.gov.il/mk/images/members/dayan_moshe.jpg
690,,ויצמן,Weizman,עזר,Ezer,,http://knesset.gov.il/mk/images/members/weizman_ezer.jpg
692,,בגין,Begin,מנחם,Menachem,,http://knesset.gov.il/mk/images/members/begin_menahem.jpg
693,,שומר,Shomer,פיני,Pini,,http://knesset.gov.il/mk/images/members/shomer_piny.jpg
694,,ניר,Nir,צבי,Zvi,,http://knesset.gov.il/mk/images/members/no_mkphoto.jpg
695,1,שטייניץ,Steinitz,יובל,Yuval,ysteinitz@knesset.gov.il,http://knesset.gov.il/mk/images/members/steinitz_yuval.jpg
696,,לנגנטל,Langental,נחום,Nahum,,http://knesset.gov.il/mk/images/members/langental_nachum.jpg
697,,תמיר,Tamir,יולי,Yuli,,http://knesset.gov.il/mk/images/members/tamir_yuli.jpg
698,3,גרי,Geri,יעקב (מאיר),Yaacov (Meyer),,http://knesset.gov.il/mk/images/members/geri_yaakov.jpg
699,3,כהן,Cohen,חיים,Haim,,http://knesset.gov.il/mk/images/members/cohen_haim.jpg
700,3,טולדאנו,Toledano,יעקב משה,Yaakov Moshe,,http://knesset.gov.il/mk/images/members/toledano_yaacov.jpg
701,3,דולצ`ין,Dolchin,אריה,Aryeh,,http://knesset.gov.il/mk/images/members/dulchin_aryeh.jpg
702,3,כץ,Katz,ישראל,Israel,,http://knesset.gov.il/mk/images/members/katz_israel.jpg
659,,שפט (שטאוב),Shafat,גרשון,Gershon,,http://knesset.gov.il/mk/images/members/shafat_gershon.jpg
703,3,שפירא,Shapira,יוסף,Yosef,,http://knesset.gov.il/mk/images/members/shapira_yosef.jpg
704,,אביטל,Avital,קולט,Colette,,http://knesset.gov.il/mk/images/members/avital_collette.jpg
705,3,עמיטל,Amital,יהודה,Yehuda,,http://knesset.gov.il/mk/images/members/amital_yehuda.jpg
706,3,נאמן,Neeman,יעקב,Yaakov,,http://knesset.gov.il/mk/images/members/neeman_yaakov.jpg
707,3,גרינבוים,Greenboim,יצחק,Yitzhak,,http://knesset.gov.il/mk/images/members/greenbaum_yitzhak.jpg
708,1,רז,Raz,משה (מוסי),Mossi,mraz@knesset.gov.il,http://knesset.gov.il/mk/images/members/raz_musi.jpg
709,,משעני,Mishani,מרדכי (מוטי),Mordechai,,http://knesset.gov.il/mk/images/members/mishani_motti.jpg
710,3,אוחנה,Ohana,אשר,Asher,,http://knesset.gov.il/mk/images/members/ohana_asher.jpg
711,,רונן,Ronen,נחמה,Nehama,,http://knesset.gov.il/mk/images/members/ronen_nehama.jpg
712,,לסרי,Lasry,יחיאל,Yechiel,,http://knesset.gov.il/mk/images/members/lasri_yehiel.jpg
713,1,אריאל,Ariel,אורי יהודה,Uri Yehuda,uria@knesset.gov.il,http://knesset.gov.il/mk/images/members/ariel_uri-yehuda.jpg
714,,כהן,Cohen,אלי,Eli,,http://knesset.gov.il/mk/images/members/cohen_eli.jpg
715,,איתם,Eitam,אפי,Effie,,http://knesset.gov.il/mk/images/members/eitam_effie.jpg
716,,גלעד,Gilad,יהודה,Yehuda,,http://knesset.gov.il/mk/images/members/gilead_yehuda.jpg
717,,נוקד,Noked,אורית,Orit,,http://knesset.gov.il/mk/images/members/noked_orit.jpg
718,,רשף,Reshef,צלי,Tzaly,,http://knesset.gov.il/mk/images/members/reshef_tzali.jpg
719,,אבן,Even,עוזי,Uzi,,http://knesset.gov.il/mk/images/members/even_uzi.jpg
720,,מופז,Mofaz,שאול,Shaul,,http://knesset.gov.il/mk/images/members/mofaz_shaul.jpg
722,,צברי,Zabre,פנחס,Pinhas,,http://knesset.gov.il/mk/images/members/tsabari_pinchas.jpg
723,1,גמליאל,Gamliel,גילה,Gila,ggamliel@knesset.gov.il,http://knesset.gov.il/mk/images/members/gamliel_gila.jpg
724,,אברהם בלילא,Avraham Balila,רוחמה,Ruhama,,http://knesset.gov.il/mk/images/members/avraham_ruhama.jpg
725,,סער,Sa`ar,גדעון,Gideon,,http://knesset.gov.il/mk/images/members/saar_gidon.jpg
726,,בנלולו,Benlolo,דניאל,Daniel,,http://knesset.gov.il/mk/images/members/benlulu_daniel.jpg
727,,והבה,Whbee,מגלי,Majallie,,http://knesset.gov.il/mk/images/members/whbee_majalli.jpg
728,,אדרי,Edery,יעקב,Jacob,,http://knesset.gov.il/mk/images/members/edri_yaakov.jpg
729,,יתום,Yatom,אהוד,Ehud,,http://knesset.gov.il/mk/images/members/yatom_ehud.jpg
730,,אפללו,Aflalo,אלי,Eli,,http://knesset.gov.il/mk/images/members/aflalo_eli.jpg
731,2,כחלון,Kahlon,משה,Moshe ,cmoshe@knesset.gov.il,http://knesset.gov.il/mk/images/members/cahlon_moshe.jpg
732,,שרון,Sharon,עמרי,Omri,,http://knesset.gov.il/mk/images/members/sharon_omri.jpg
733,,גורלובסקי,Gorlovsky,מיכאל,Michael,,http://knesset.gov.il/mk/images/members/gurolevsky_michael.jpg
734,1,ארדן,Erdan,גלעד,Gilad,gerdan@knesset.gov.il,http://knesset.gov.il/mk/images/members/erdan_gilad.jpg
735,,בר-און,Bar-On,רוני,Ronnie,,http://knesset.gov.il/mk/images/members/baron_roni.jpg
736,,גבריאלי,Gavriely,ענבל,Inbal,,http://knesset.gov.il/mk/images/members/gavriely_inbal.jpg
737,,חזן,Hazan,יחיאל,Yehiel,,http://knesset.gov.il/mk/images/members/hazan_yechiel.jpg
739,,מצנע,Mitzna,עמרם,Amram,,http://knesset.gov.il/mk/images/members/mitzna_amram.jpg
740,1,הרצוג,Herzog,יצחק,Isaac,iherzog@knesset.gov.il,http://knesset.gov.il/mk/images/members/herzog_yitzhak.jpg
741,,יתום,Yatom,דני,Dani,,http://knesset.gov.il/mk/images/members/yatom_dani.jpg
742,,שלגי,Shalgi,אילן,Ilan,,http://knesset.gov.il/mk/images/members/shalgi_ilan.jpg
743,,פולישוק-בלוך,Polishook-Bloch,מלי,Meli,,http://knesset.gov.il/mk/images/members/polishook_meli.jpg
744,,חן,Chayne,רשף,Reshef,,http://knesset.gov.il/mk/images/members/chen_reshef.jpg
745,,בריזון,Brison,רוני (אהרן),Ronny A.,,http://knesset.gov.il/mk/images/members/brison_roni.jpg
746,,רצאבי,Rassabi,אהוד,Ehud,,http://knesset.gov.il/mk/images/members/rassabi_ehud.jpg
747,,לבני,Livni,אתי,Eti,,http://knesset.gov.il/mk/images/members/livni_eti.jpg
748,,ליבוביץ,Leibovitch,אילן,Ilan,,http://knesset.gov.il/mk/images/members/leibovitch_ilan.jpg
749,,דורון,Doron,חמי,Chemi,,http://knesset.gov.il/mk/images/members/doron_chemi.jpg
751,1,מרגי,Margi,יעקב,Yakov,ymargi@knesset.gov.il,http://knesset.gov.il/mk/images/members/margi_yaakov.jpg
752,,אלדד,Eldad,אריה,Arieh,,http://knesset.gov.il/mk/images/members/eldad_aryeh.jpg
753,,פינקלשטיין,Finkelstein,גילה,Gila,,http://knesset.gov.il/mk/images/members/finkelstein_gila.jpg
754,1,אייכלר,Eichler,ישראל,Israel,ieichler@knesset.gov.il,http://knesset.gov.il/mk/images/members/eichler_israel.jpg
755,,כהן,Cohen,אילנה,Ilana,,http://knesset.gov.il/mk/images/members/cohen_ilana.jpg
756,1,זחאלקה,Zahalka,ג`מאל,Jamal,jzhalka@knesset.gov.il,http://knesset.gov.il/mk/images/members/zahalka_jamal.jpg
757,,טאהא,Taha,ואסל,Wasil,,http://knesset.gov.il/mk/images/members/taha_wasil.jpg
758,,מג`אדלה,Majadele,ראלב,Raleb,,http://knesset.gov.il/mk/images/members/majadele_ralev.jpg
759,,גולן,Golan,אראלה,Erela,,http://knesset.gov.il/mk/images/members/golan_erel.jpg
760,,רוזנבלום,Rosenblum,פנינה,Penina,,http://knesset.gov.il/mk/images/members/Penina_Rosenblum.jpg
761,,אילן,Ilan,טובה,Tova,,http://knesset.gov.il/mk/images/members/Tova_Ilan.jpg
762,,צור,Tzur,רונן,Ronen,,http://knesset.gov.il/mk/images/members/no_mkphoto.jpg
763,,קורן,Koren,דני,Dani,,http://knesset.gov.il/mk/images/members/koren_dany.jpg
764,,טרטמן,Tartman,אסתרינה,Esterina,,http://knesset.gov.il/mk/images/members/tratman_esterina.jpg
765,,אנג`ל  ,Angel,אורנה,Orna,,http://knesset.gov.il/mk/images/members/Orna_Angel.jpg
738,,נס,Nass,לאה,Lea,,http://knesset.gov.il/mk/images/members/nass_lea.jpg
750,,יאסינוב,Yasinov,יגאל,Igal,,http://knesset.gov.il/mk/images/members/yasinov_yigal.jpg
766,,דוברין,Dobrin,נטע,Neta,,http://knesset.gov.il/mk/images/members/dubrin_neta.jpg
767,,בן-ששון,Ben-Sasson,מנחם,Menahem,,http://knesset.gov.il/mk/images/members/ben_sasson_menahem.jpg
768,1,אלקין,Elkin,זאב, Zeev,Zelkin@knesset.gov.il,http://knesset.gov.il/mk/images/members/elkin_zeev.jpg
769,,ברזניץ,Breznitz,שלמה,Shlomo,,http://knesset.gov.il/mk/images/members/breznitz_shlomo.jpg
770,,דותן,Dotan,עמירה,Amira,,http://knesset.gov.il/mk/images/members/dotan_amira.jpg
771,1,דיכטר,Dichter,אבי (משה),Avi,davraham@knesset.gov.il,http://knesset.gov.il/mk/images/members/dicter_abraham.jpg
772,1,חסון,Hasson,יואל,Yoel,hyoel@knesset.gov.il,http://knesset.gov.il/mk/images/members/hasson_yoel.jpg
773,,יצחקי,Itzchaky,אביגדור,Avigdor,,http://knesset.gov.il/mk/images/members/itzchaky_avigdor.jpg
774,,תירוש,Tirosh,רונית,Ronit,,http://knesset.gov.il/mk/images/members/tirosh_ronit.jpg
775,,רייכמן,Reichman,אוריאל,Uriel,,http://knesset.gov.il/mk/images/members/no_mkphoto.jpg
776,,שנלר,Schneller,עתניאל,Otniel,,http://knesset.gov.il/mk/images/members/schneller_otniel.jpg
777,,זיו,Ziv,יצחק,Izhak,,http://knesset.gov.il/mk/images/members/ziv_yitzhak.jpg
778,,זכור,Zkoor,עבאס,Abas,,http://knesset.gov.il/mk/images/members/zkoor_abas.jpg
779,,חילו,Hilou,נאדיה,Nadia,,http://knesset.gov.il/mk/images/members/hilo_nadia.jpg
780,1,חנין,Khenin,דב,Dov,dhanin@knesset.gov.il,http://knesset.gov.il/mk/images/members/khenin_dov.jpg
781,,חסון,Hasson,ישראל,Israel,,http://knesset.gov.il/mk/images/members/hasson_israel.jpg
782,1,יחימוביץ`,Yachimovich,שלי,Shelly,syechimovich@knesset.gov.il,http://knesset.gov.il/mk/images/members/yacimovich_shelly.jpg
783,,כהן,Cohen,יעקב,Yakov,,http://knesset.gov.il/mk/images/members/Cohen_Yakov.jpg
784,,מיכאלי,Michaeli,אברהם,Avraham,,http://knesset.gov.il/mk/images/members/michaeli_avraham.jpg
785,,מילר,Miller,אלכס,Alex,,http://knesset.gov.il/mk/images/members/Miller_Alex.jpg
786,,מיסז`ניקוב,Misezhnikov,סטס,Stas,,http://knesset.gov.il/mk/images/members/miznikov_stas.jpg
787,,מרום שלו,Marom Shalev,שרה,Sara,,http://knesset.gov.il/mk/images/members/maromshalev_sara.jpg
788,,מרציאנו,Marciano,יורם,Yoram,,http://knesset.gov.il/mk/images/members/marciano_yoram.jpg
789,,סוייד,Swaid,חנא,Hanna,,http://knesset.gov.il/mk/images/members/swaid_hana.jpg
790,,אהרונוביץ,Aharonovitch,יצחק,Yitzhak,,http://knesset.gov.il/mk/images/members/aharonovitch_yitzhak.jpg
791,,אטיאס,Atias,אריאל,Ariel,,http://knesset.gov.il/mk/images/members/atias_ariel.jpg
792,,אילון,Ayalon,עמיחי,Ami,,http://knesset.gov.il/mk/images/members/ayalon_ami.jpg
793,1,אילטוב,Ilatov,רוברט,Robert,rilatov@knesset.gov.il,http://knesset.gov.il/mk/images/members/ilatov_robert.jpg
794,,איתן,Eitan,רפי,Rafi,,http://knesset.gov.il/mk/images/members/eitan_rafi.jpg
795,,אמסלם,Amsellem,חיים,Chaim,,http://knesset.gov.il/mk/images/members/amsalem_haim.jpg
796,,בן-יזרי,Ben Yizri,יעקב,Yacov,,http://knesset.gov.il/mk/images/members/benyizri_yaakov.jpg
797,,ברוורמן,Braverman,אבישי,Avishay,,http://knesset.gov.il/mk/images/members/braverman_avishay.jpg
798,,גלזר,Glazer,אלחנן,Elhanan,,http://knesset.gov.il/mk/images/members/glazer_elhanan.jpg
799,,גלנטי,Galantee,יצחק,Itshac,,http://knesset.gov.il/mk/images/members/galantee_yitzhak.jpg
800,,צרצור,Sarsour,אברהים,Ibrahim,,http://knesset.gov.il/mk/images/members/sarsur_ibrahim.jpg
801,,שגל,Shagal,יוסף,Yosef,,http://knesset.gov.il/mk/images/members/Shagal_Yosef.jpg
802,,שמטוב,Shemtov,ליה,Lia,,http://knesset.gov.il/mk/images/members/shemtov_lia.jpg
803,,שרוני,Sharoni,משה,Moshe,,http://knesset.gov.il/mk/images/members/sharoni_moshe.jpg
804,,חרמש,Hermesh,שי,Shai,,http://knesset.gov.il/mk/images/members/hermesh_shai.jpg
805,,רותם,Rotem,דוד,David,,http://knesset.gov.il/mk/images/members/David_Rotem.jpg
806,3,פרידמן,Friedmann,דניאל,Daniel,,http://knesset.gov.il/mk/images/members/Daniel_Friedmann.jpg
807,,נפאע,Naffaa,סעיד,Said,,http://knesset.gov.il/mk/images/members/naffa_said.jpg
808,,בן-ישראל,Ben-Israel,יצחק,Isaac,,http://knesset.gov.il/mk/images/members/Yitzhak_Ben_Israel.jpg
809,,פלסנר,Plesner,יוחנן,Yohanan,,http://knesset.gov.il/mk/images/members/Plesner_yohanan.jpg
811,,בהיינה,Bahyna,מזור,Mazor,,http://knesset.gov.il/mk/images/members/Mazor_Bayana.jpg
812,,שנאן,Shnaan,שכיב,Shachiv,,http://knesset.gov.il/mk/images/members/Shnaan_Shachiv.jpg
813,,ליטינצקי,Litinetsky,לאון,Leon,,http://knesset.gov.il/mk/images/members/leon_litinetsky.jpg
814,1,מקלב,Maklev,אורי,Uri,umaklev@knesset.gov.il,http://knesset.gov.il/mk/images/members/uri_maklev.jpg
815,,גרינפילד,Greenfield,צביה,Tzvia,,http://knesset.gov.il/mk/images/members/Tzvia_Greenfield.jpg
816,,פולק,Pollack,יהושע מנחם,Yehoshua Menachem,,http://knesset.gov.il/mk/images/members/no_mkphoto.jpg
817,,בילסקי,Bielski,זאב,Zeev,,http://knesset.gov.il/mk/images/members/Bielski_Zeev.jpg
818,1,שי,Shai,נחמן,Nachman,nshai@knesset.gov.il,http://knesset.gov.il/mk/images/members/nachman_shai.jpg
819,,טיבייב,Tiviaev,רוברט,Robert,,http://knesset.gov.il/mk/images/members/Tiviaev_Robert.jpg
821,,ביבי,Bibi,אריה,Arie,,http://knesset.gov.il/mk/images/members/Bibi_Arie.jpg
823,,יעלון,Ya`alon,משה,Moshe,,http://knesset.gov.il/mk/images/members/yaalon_moshe.jpg
824,,פלד,Peled,יוסי,Yossi,,http://knesset.gov.il/mk/images/members/Peled_Yossi.jpg
825,1,חוטובלי,Hotovely,ציפי,Tzipi,zhotovely@knesset.gov.il,http://knesset.gov.il/mk/images/members/Hotovely_Tzipi.jpg
810,,מולה,Molla,שלמה (נגוסה),Shlomo (Neguse),,http://knesset.gov.il/mk/images/members/molla_shlomo.jpg
820,,אדטו,Adatto,רחל,Rachel,,http://knesset.gov.il/mk/images/members/Adatto_Rachel.jpg
822,,זוארץ,Zuaretz,אורית,Orit,,http://knesset.gov.il/mk/images/members/Zuaretz_Orit.jpg
826,1,לוין,Levin,יריב,Yariv,ylevin@knesset.gov.il,http://knesset.gov.il/mk/images/members/levin_yariv.jpg
827,,פיניאן,Pinyan,ציון,Zion,,http://knesset.gov.il/mk/images/members/Pinyan_Zion.jpg
828,,דנון,Danon,דני,Danny,,http://knesset.gov.il/mk/images/members/danon_danny.jpg
829,,שאמה הכהן,Shama Hacohen,כרמל,Carmel,,http://knesset.gov.il/mk/images/members/Shama_Carmel.jpg
830,1,אקוניס,Akunis,אופיר,Ofir,oakunis@knesset.gov.il,http://knesset.gov.il/mk/images/members/akunis_ofir.jpg
831,1,רגב,Regev,מירי,Miri,mregev@knesset.gov.il,http://knesset.gov.il/mk/images/members/regev_miri.jpg
832,1,לוי-אבקסיס,Levi-Abekasis,אורלי,Orly,olevy@knesset.gov.il,http://knesset.gov.il/mk/images/members/Levy_Orli.jpg
833,,אילון,Ayalon,דניאל,Daniel,,http://knesset.gov.il/mk/images/members/Ayalon_Daniel.jpg
834,,מיכאלי,Michaeli,אנסטסיה,Anastassia,,http://knesset.gov.il/mk/images/members/Michaeli_Anastassia.jpg
835,,קירשנבאום,Kirshenbaum,פניה (פאינה),Fania,,http://knesset.gov.il/mk/images/members/Kirshenbaum_Faina.jpg
836,,בן-סימון,Ben Simon,דניאל,Daniel,,http://knesset.gov.il/mk/images/members/Ben_Simon_Daniel.jpg
837,1,עמאר,Amar,חמד,Hamad,amarh@knesset.gov.il,http://knesset.gov.il/mk/images/members/Amar_Hamad.jpg
838,,מטלון,Matalon,משה מוץ,Moshe Mutz,,http://knesset.gov.il/mk/images/members/matalon_moshe_mutz.jpg
839,1,מוזס,Moses,מנחם אליעזר,Menachem Eliezer,mmozes@knesset.gov.il,http://knesset.gov.il/mk/images/members/moses_menachem.jpg
840,,כ”ץ,Katz,יעקב (כצל`ה),Yaakov (Katzeleh),,http://knesset.gov.il/mk/images/members/Yaakov_Katzeleh_Katz.jpg
841,,בן-ארי,Ben Ari,מיכאל,Michael,,http://knesset.gov.il/mk/images/members/Ben_Ari_Michael.jpg
842,,אגבאריה,Agbaria,עפו,Afou,,http://knesset.gov.il/mk/images/members/Agbaria_Afou.jpg
843,,הורוביץ,Horowitz,ניצן,Nitzan,,http://knesset.gov.il/mk/images/members/Horowitz_Nitzan.jpg
844,1,גנאים,Ganaim,מסעוד,Masud,mganaeim@knesset.gov.il,http://knesset.gov.il/mk/images/members/Ganaim_Masud.jpg
845,,אורבך,Orbach,אורי,Uri,,http://knesset.gov.il/mk/images/members/Orbach_Uri.jpg
846,1,זועבי,Zoabi,חנין,Hanin,hzoaby@knesset.gov.il,http://knesset.gov.il/mk/images/members/Zuabi_Hanin.jpg
847,,הרשקוביץ,Hershkowitz,דניאל,Daniel,,http://knesset.gov.il/mk/images/members/Hershkowitz_Daniel.jpg
848,,שמאלוב ברקוביץ`,Shamalov Berkovich,יוליה,Yulia,,http://knesset.gov.il/mk/images/members/Shamalov_Berkovich_Yulia.jpg
849,,וילף,Wilf,עינת,Einat,,http://knesset.gov.il/mk/images/members/Einat_Wilf.jpg
850,,אבסדזה,Abesadze,נינו,Nino,,http://knesset.gov.il/mk/images/members/Nino_Abesadze.jpg
851,,אביטל,Avital,דורון,Doron,,http://knesset.gov.il/mk/images/members/avital_doron.jpg
852,,דואן,Duan,אברהם,Avraham,,http://knesset.gov.il/mk/images/members/Avraham_Duan.jpg
853,,צלנר,Zellner,יובל,Yuval,,http://knesset.gov.il/mk/images/members/ZellnerYuval.jpg
854,1,חסון,Hasoon,אכרם ,Akram ,akramh@knesset.gov.il,http://knesset.gov.il/mk/images/members/Akram_Hasoon.jpg
855,,דבאח,Dabbah,אחמד,Ahmed,,http://knesset.gov.il/mk/images/members/no_mkphoto.jpg
856,,אדמסו,Adamso,אללי,Alali,,http://knesset.gov.il/mk/images/members/no_mkphoto.jpg
857,1,אבו עראר,Abu Arar,טלב,Talab,tabuarar@knesset.gov.il,http://knesset.gov.il/mk/images/members/AbuArar_Talab.jpg
859,,אוחיון,Ohayon,שמעון,Shimon,,http://knesset.gov.il/mk/images/members/Ohayon_Shimon.jpg
860,1,אלהרר,Elharrar,קארין,Karin,Kelharrar@knesset.gov.il,http://knesset.gov.il/mk/images/members/Alharar_Karin.jpg
861,1,אשר,Asher,יעקב,Yakov,yakova@knesset.gov.il,http://knesset.gov.il/mk/images/members/Asher_Yakov.jpg
862,1,בירן,Biran,מיכל,Michal,mbiran@knesset.gov.il,http://knesset.gov.il/mk/images/members/Biran_Michal.jpg
867,,גטאס,Ghattas,באסל,Basel,,http://knesset.gov.il/mk/images/members/Jitas_Basil.jpg
868,1,גרמן,German,יעל,Yael,ygerman@knesset.gov.il,http://knesset.gov.il/mk/images/members/German_Yael.jpg
869,,הופמן,Hoffman,רונן,Ronen,,http://knesset.gov.il/mk/images/members/Hoffman_Ronen.jpg
870,,וורצמן,Wortzman,אבי,Avi,,http://knesset.gov.il/mk/images/members/Wortzman_Avi.jpg
871,1,זנדברג,Zandberg,תמר,Tamar,tzandberg@knesset.gov.il,http://knesset.gov.il/mk/images/members/Zandberg_Tamar.jpg
876,1,לוי,Levy,מיקי,Mickey,mickeylevy@knesset.gov.il,http://knesset.gov.il/mk/images/members/Levy_Mickey.jpg
878,1,לפיד,Lapid,יאיר,Yair,ylapid@knesset.gov.il,http://knesset.gov.il/mk/images/members/Lapid_Yair.jpg
879,1,מועלם-רפאלי,Moalem-Refaeli,שולי,Shuli,smoalemr@knesset.gov.il,http://knesset.gov.il/mk/images/members/Moalem_Shuli.jpg
883,,סולומון,Solomon,שמעון,Shimon,,http://knesset.gov.il/mk/images/members/Solomon_Shimon.jpg
884,,סטרוק,Strock,אורית,Orit,,http://knesset.gov.il/mk/images/members/Strock_Orit.jpg
885,,פייגלין,Feiglin,משה זלמן,Moshe Zalman,,http://knesset.gov.il/mk/images/members/Feiglin_Moshe.jpg
886,,פירון,Piron,שי,Shai,,http://knesset.gov.il/mk/images/members/Piron_Shai.jpg
891,,קול,Koll,עדי,Adi,,http://knesset.gov.il/mk/images/members/Kohl_Adi.jpg
892,,קלדרון,Calderon,רות,Ruth,,http://knesset.gov.il/mk/images/members/Calderon_Ruth.jpg
904,1,שקד,Shaked,איילת,Ayelet,ashaked@knesset.gov.il,http://knesset.gov.il/mk/images/members/Shaked_Ayelet.jpg
905,,תמנו-שטה,Tamanu-Shata,פנינה,Penina,,http://knesset.gov.il/mk/images/members/Tamnu-Shata_Penina.jpg
863,1,בן-דהן,Ben Dahan,אלי,Eli,ebendehan@knesset.gov.il,http://knesset.gov.il/mk/images/members/BenDahan_Eliahu.jpg
864,1,בנט,Bennett,נפתלי,Naftali,nbenet@knesset.gov.il,http://knesset.gov.il/mk/images/members/Bennett_Naftali.jpg
865,1,בר,Bar,יחיאל חיליק,Yehiel Hilik,ybar@knesset.gov.il,http://knesset.gov.il/mk/images/members/Bar_Yechiel.jpg
866,1,בר-לב,Barlev,עמר,Omer,obarlev@knesset.gov.il,http://knesset.gov.il/mk/images/members/BarLev_Omer.jpg
872,,טופורובסקי,Toporovsky,בועז,Boaz,,http://knesset.gov.il/mk/images/members/Toporovsky_Boaz.jpg
873,1,יוגב,Yogev,מרדכי,Mordhay,myogev@knesset.gov.il,http://knesset.gov.il/mk/images/members/Yogev_Mordechai.jpg
874,1,כהן,Cohen,מאיר,Meir,cohenmeir@knesset.gov.il,http://knesset.gov.il/mk/images/members/cohen_meir1.jpg
875,1,לביא,Lavie,עליזה,Aliza,alavie@knesset.gov.il,http://knesset.gov.il/mk/images/members/Lavie_Aliza.jpg
877,,ליפמן,Lipman,דב,Dov,,http://knesset.gov.il/mk/images/members/Lipman_Dov.jpg
880,,מזרחי,Mizrahi,משה,Moshe,,http://knesset.gov.il/mk/images/members/Mizrahi_Moshe.jpg
881,1,מיכאלי,Michaeli,מרב,Merav,michaelim@knesset.gov.il,http://knesset.gov.il/mk/images/members/Michaeli_Meirav.jpg
882,,מרגלית,Margalit,אראל,Erel,,http://knesset.gov.il/mk/images/members/Margalit_Erel.jpg
887,1,פרי,Perry,יעקב,Yaakov,yperry@knesset.gov.il,http://knesset.gov.il/mk/images/members/Peri_Yaakov.jpg
888,1,פריג`,Frej,עיסאווי,Esawi  ,efrej@knesset.gov.il,http://knesset.gov.il/mk/images/members/Farij_Issawi.jpg
889,,פרנקל,Frenkel,רינה,Rina,,http://knesset.gov.il/mk/images/members/Frankel_Rena.jpg
890,,צור,Tsur,דוד,David,,http://knesset.gov.il/mk/images/members/Tzur_David.jpg
903,1,שפיר,Shafir,סתיו,Stav,sshaffir@knesset.gov.il,http://knesset.gov.il/mk/images/members/Shafir_Stav.jpg
906,1,בן-צור,Ben Tzur,יואב,Yoav,ybentzur@knesset.gov.il,http://knesset.gov.il/mk/images/members/Yoav_Ben_Tzur.jpg
907,,אדרי,Edri,ליאור,Lior,,http://knesset.gov.il/mk/images/members/no_mkphoto.jpg
908,,הורוביץ,Horowitz,הלל אילן ,Hillel Ilan,,http://knesset.gov.il/mk/images/members/horowitz_hillel.jpg
909,,אבו מערוף,Abu Maaruf,עבדאללה,Abdullah,,http://knesset.gov.il/mk/images/members/Abu-Maaruf_Abdullah.jpg
910,1,אורן,Oren,מיכאל,Michael,michaels@knesset.gov.il,http://knesset.gov.il/mk/images/members/Oren_Michael.jpg
911,1,אלאלוף,Elalouf,אלי,Elie,elalouf@knesset.gov.il,http://knesset.gov.il/mk/images/members/Alalouf_Eli.jpg
912,1,אמסלם,Amsalem,דוד,David,davidam@knesset.gov.il,http://knesset.gov.il/mk/images/members/Amsalem_David.jpg
913,1,בהלול,Bahloul,זוהיר,Zouheir,Zouheirb@knesset.gov.il,http://knesset.gov.il/mk/images/members/Bahloul_Zuhair.jpg
924,1,חזן,Hazan,אורן אסף,Oren Asaf,ohazan@knesset.gov.il,http://knesset.gov.il/mk/images/members/Hazan_Oren.jpg
925,,טרכטנברג,Trajtenberg,מנואל,Manuel,,http://knesset.gov.il/mk/images/members/Trajtenberg_Manuel.jpg
942,1,פלוסקוב,Ploskov,טלי,Tali,talip@knesset.gov.il,http://knesset.gov.il/mk/images/members/Ploskov_Tali.jpg
943,1,בוקר,Boker,נאוה,Nava,nboker@knesset.gov.il,http://knesset.gov.il/mk/images/members/Boker_Nava.jpg
944,1,קורן,Koren,נורית,Nurit,nkoren@knesset.gov.il,http://knesset.gov.il/mk/images/members/Koren_Nurit.jpg
945,1,קיש,Kisch,יואב,Yoav,yoavk@knesset.gov.il,http://knesset.gov.il/mk/images/members/Kish_Yoav.jpg
946,1,שאשא ביטון,Shasha-Biton,יפעת,Yifat,yifatsh@knesset.gov.il,http://knesset.gov.il/mk/images/members/Shasha-Biton_Yifat.jpg
948,1,תומא סלימאן,Touma-Sliman,עאידה,Aida,aidat@knesset.gov.il,http://knesset.gov.il/mk/images/members/Touma-Sliman_Aida.jpg
949,3,גבאי,Gabai,אבי,Avi,,http://knesset.gov.il/mk/images/members/Gabay_Avi.jpg
950,1,השכל,Haskel,שרן,Sharren ,shaskel@knesset.gov.il,http://knesset.gov.il/mk/images/members/sharren_haskel.jpg
951,1,פורר,Forer,עודד,Oded,odedfo@knesset.gov.il,http://knesset.gov.il/mk/images/members/forer_oded.jpg
893,,כלפה,Kalfa,זבולון,Zvulun,,http://knesset.gov.il/mk/images/members/Kalfa_Zvulun.jpg
894,,קריב,Kariv,יפעת,Yifat,,http://knesset.gov.il/mk/images/members/Kariv_Yifat.jpg
895,1,רוזין,Rozin,מיכל,Michal,mrozin@knesset.gov.il,http://knesset.gov.il/mk/images/members/Rozin_Michal.jpg
896,1,רוזנטל,Rosenthal,מיקי,Micky,mrosenthal@knesset.gov.il,http://knesset.gov.il/mk/images/members/Rosenthal_Mickey.jpg
897,1,רזבוזוב,Razvozov,יואל,Yoel,yrazvozov@knesset.gov.il,http://knesset.gov.il/mk/images/members/Rozbozov_Yoel.jpg
898,,שטבון,Chetboun,יוני,Yoni,,http://knesset.gov.il/mk/images/members/Chetboun_Yoni.jpg
899,1,שטרן,Stern,אלעזר,Elazar,sterne@knesset.gov.il,http://knesset.gov.il/mk/images/members/Stern_Eliezer.jpg
900,1,שלח,Shelah,עפר,Ofer,oshelach@knesset.gov.il,http://knesset.gov.il/mk/images/members/Shelach_Ofer.jpg
901,1,שמולי,Shmuli,איציק,Itzik,ishmuli@knesset.gov.il,http://knesset.gov.il/mk/images/members/Shmuli_Itzik.jpg
902,,שמיר,Shamir,יאיר,Yair,,http://knesset.gov.il/mk/images/members/Shamir_Yair.jpg
914,1,ביטן,Bitan,דוד,David,dbitan@knesset.gov.il,http://knesset.gov.il/mk/images/members/Bitan_David.jpg
915,1,בן-ארי,Ben Ari,מירב ,Merav,bmerav@knesset.gov.il,http://knesset.gov.il/mk/images/members/BenAri_Merav.jpg
916,1,בן-ראובן,Ben Reuven,איל,Eyal,beyal@knesset.gov.il,http://knesset.gov.il/mk/images/members/Ben-Reuven_Eyal.jpg
917,1,ברושי,Broshi,איתן,Eytan,eitanbr@knesset.gov.il,http://knesset.gov.il/mk/images/members/Broshi_Eitan.jpg
918,1,ברקו,Berko,ענת,Anat,anatb@knesset.gov.il,http://knesset.gov.il/mk/images/members/Berko_Anat.jpg
919,1,ג`בארין,Jabareen,יוסף,Yousef,Jabareen@knesset.gov.il,http://knesset.gov.il/mk/images/members/Jabareen_Yousef.jpg
920,,גל,Gal,שרון,Sharon,,http://knesset.gov.il/mk/images/members/Gal_Sharon.jpg
921,1,גלנט,Gallant,יואב,Yoav,yoavg@knesset.gov.il,http://knesset.gov.il/mk/images/members/Galant_Yoav.jpg
922,1,זוהר,Zohar,מכלוף מיקי,Miki,mzohar@knesset.gov.il,http://knesset.gov.il/mk/images/members/Zohar_Miki.jpg
923,1,חאג` יחיא ,Haj Yahya,עבד אלחכים,Abd Al Hakeem,abedh@knesset.gov.il,http://knesset.gov.il/mk/images/members/Haj-Yahya_Abd-Al-Hakeem.jpg
952,1,כהן פארן,Cohen Paran,יעל,Yael,YaelParan@Knesset.gov.il,http://knesset.gov.il/mk/images/members/Yael_Cohen_Paran.jpg
953,1,אוחנה,Ohana,אמיר,Amir,amiro@knesset.gov.il,http://knesset.gov.il/mk/images/members/Ohana_Amir.jpg
954,,גואטה,Guetta,יגאל ,Yigal ,,http://knesset.gov.il/mk/images/members/Yigal_Guetta.jpg
926,1,יונה,Yonah,יוסי,Yoseph,yosefyo@knesset.gov.il,http://knesset.gov.il/mk/images/members/Yona_Yossi.jpg
927,1,ילין,Jelin,חיים,Haim,haimj@knesset.gov.il,http://knesset.gov.il/mk/images/members/Yalin_Haim.jpg
928,1,כהן,Cohen,אלי,Eli,elic@knesset.gov.il,http://knesset.gov.il/mk/images/members/Cohen_Eli1.jpg
929,1,לוי,Levy,ז`קי,Jackie,zakil@knesset.gov.il,http://knesset.gov.il/mk/images/members/Levy_Jackie.jpg
930,,מגל,Magal,ינון,Yinon,,http://knesset.gov.il/mk/images/members/Magal_Yinon.jpg
931,1,מזוז,Mazuz,ירון,Yaron,ymazuz@knesset.gov.il,http://knesset.gov.il/mk/images/members/mazuz_yaron.jpg
932,1,נגוסה,Neguise,אברהם,Avraham,aneguise@knesset.gov.il,http://knesset.gov.il/mk/images/members/Nagosa_Avraham.jpg
933,1,נחמיאס ורבין,Nahmias-Verbin,איילת,Ayelet,ayeletn@knesset.gov.il,http://knesset.gov.il/mk/images/members/Nahmias-Verbin_Ayelet.jpg
934,1,סבטלובה,Svetlova,קסניה,Ksenia,ksenias@knesset.gov.il,http://knesset.gov.il/mk/images/members/Svetlova_Ksenia.jpg
935,1,סויד,Swid,רויטל,Revital,revitals@knesset.gov.il,http://knesset.gov.il/mk/images/members/Swid_Revital.jpg
936,1,סמוטריץ,Smotrich,בצלאל,Bezalel,bezalels@knesset.gov.il,http://knesset.gov.il/mk/images/members/Smotrich_Bezalel.jpg
937,,סעדי,Sa`adi,אוסאמה,Osama,,http://knesset.gov.il/mk/images/members/Saadi_Osama.jpg
938,1,עודה,Odeh,איימן,Ayman,aymanod@knesset.gov.il,http://knesset.gov.il/mk/images/members/Odeh_Aiman.jpg
939,1,עזריה,Azaria,רחל,Rachel,rachela@knesset.gov.il,http://knesset.gov.il/mk/images/members/Azaria_Rachel.jpg
940,,עטר,Atar,דניאל,Daniel,,http://knesset.gov.il/mk/images/members/Atar_Daniel.jpg
941,1,פולקמן,Folkman,רועי,Roy,royf@knesset.gov.il,http://knesset.gov.il/mk/images/members/Folkman_Roy.jpg
955,1,גליק,Glick,יהודה יהושע,Yehuda Joshua,yglick@knesset.gov.il,http://knesset.gov.il/mk/images/members/Yehuda_Glick.jpg
956,1,מלינובסקי,Malinovsky,יוליה,Yulia,ymalinovsky@knesset.gov.il,http://knesset.gov.il/mk/images/members/Yulia_Malinovsky.jpg
957,1,מלכיאלי,Malchieli,מיכאל ,Michael ,malkielim@knesset.gov.il,http://knesset.gov.il/mk/images/members/Michael_Malchieli.jpg
958,1,אזברגה,Azbarga,ג'מעה ,Joumah,jazabarga@knesset.gov.il,http://knesset.gov.il/mk/images/members/Azbarga_Juma.jpg
959,1,אלחרומי,Alkharumi,סעיד,Saeed,selcharumy@knesset.gov.il,http://knesset.gov.il/mk/images/members/Alkharumi_saeed.jpg
960,,סיידה ,Saida,דן,Dan,,http://knesset.gov.il/mk/images/members/no_mkphoto.jpg
961,,חג'אזי,Hijazi,אבראהים ,Ibrahim ,,http://knesset.gov.il/mk/images/members/Ibrahim_Hijazi.jpg
962,1,סעד,Saad,סאלח,Saleh,SalehSaad@knesset.gov.il,http://knesset.gov.il/mk/images/members/Saleh_Saad.jpg
963,1,פדידה,Fadida,לאה,Leah,lfadida@knesset.gov.il,http://knesset.gov.il/mk/images/members/Fadida_Leah.jpg
964,1,עטאונה,Atauna,יוסף,Youssef ,ayosef@knesset.gov.il,http://knesset.gov.il/mk/images/members/Youssef_Atauna.jpg
